id,author
reddit_1487,Right_now78
reddit_602,AspiringBiotech
reddit_1988,RockyK96
reddit_1713,carter_pride
reddit_1514,Right_now78
reddit_1788,Lizziemaughan17x
reddit_478,AspiringBiotech
reddit_1739,RockyK96
reddit_649,Competitive_Bid7071
reddit_1747,littledaisy_07
reddit_1668,Ogenz
reddit_2125,BlueAzzure
reddit_96,Terra246
reddit_535,urbanracer34
reddit_1120,BBlank223
reddit_135,No-Watercress-9116
reddit_29,FaithInStrangers94
reddit_1491,Ogenz
reddit_2012,OllieCad
reddit_1612,pleaseimconfused
reddit_1231,shadowXXe
reddit_1210,BBlank223
reddit_978,massivesmoke
reddit_719,AspiringBiotech
reddit_694,New_Shoe9530
reddit_1916,Altruistic_System_41
reddit_548,SpektrumKid
reddit_251,SpektrumKid
reddit_943,massivesmoke
reddit_1034,massivesmoke
reddit_679,urbanracer34
reddit_1576,tgott1686
reddit_111,MycologistAdvanced24
reddit_184,urbanracer34
reddit_715,AspiringBiotech
reddit_2146,BlueAzzure
reddit_1465,turquoiseturtle01
reddit_1793,RockyK96
reddit_1781,Sommet_
reddit_1429,Master-Champion-1528
reddit_1442,Right_now78
reddit_767,urbanracer34
reddit_1341,SlipInternational593
reddit_637,urbanracer34
reddit_2003,PeteyZee1998
reddit_1898,RockyK96
reddit_1299,Elusive-Yoda
reddit_1476,tgott1686
reddit_297,No-Watercress-9116
reddit_1769,Lizziemaughan17x
reddit_787,mickNcheez
reddit_1368,BBlank223
reddit_1464,Elusive-Yoda
reddit_406,joost666
reddit_134,MycologistAdvanced24
reddit_1672,Lizziemaughan17x
reddit_420,urbanracer34
reddit_888,turquoiseturtle01
reddit_109,foooood4thought
reddit_430,New_Shoe9530
reddit_368,AspiringBiotech
reddit_188,MycologistAdvanced24
reddit_1178,purple07631
reddit_240,No-Watercress-9116
reddit_100,FaithInStrangers94
reddit_1401,Alternative-Jaguar55
reddit_1189,tgott1686
reddit_324,Nicenastybuttercup
reddit_1472,turquoiseturtle01
reddit_829,DangerousFee4
reddit_782,turquoiseturtle01
reddit_2138,BlueAzzure
reddit_1656,carter_pride
reddit_1702,NameIntrepid
reddit_1261,tgott1686
reddit_233,No-Watercress-9116
reddit_1446,Master-Champion-1528
reddit_254,PeteyZee1998
reddit_529,Nicenastybuttercup
reddit_387,PotentialAgile951
reddit_290,No-Watercress-9116
reddit_2101,BlueAzzure
reddit_2094,BlueAzzure
reddit_70,Terra246
reddit_1022,Sommet_
reddit_306,SpektrumKid
reddit_508,Sea-Bluejay-7404
reddit_1358,Lizziemaughan17x
reddit_1100,Sommet_
reddit_1258,BBlank223
reddit_289,joost666
reddit_2140,BlueAzzure
reddit_1712,purple07631
reddit_275,PeteyZee1998
reddit_1807,mickNcheez
reddit_445,joost666
reddit_196,MycologistAdvanced24
reddit_721,poke000
reddit_2011,OllieCad
reddit_2096,BlueAzzure
reddit_556,SpektrumKid
reddit_1706,rioboy1985
reddit_1784,Sommet_
reddit_298,PeteyZee1998
reddit_555,SpektrumKid
reddit_979,littledaisy_07
reddit_1933,Altruistic_System_41
reddit_581,SpektrumKid
reddit_2063,OllieCad
reddit_1466,Master-Champion-1528
reddit_1161,purple07631
reddit_332,urbanracer34
reddit_1009,Right_now78
reddit_1971,sharksandpickles
reddit_1249,shadowXXe
reddit_861,Living_Pin_2781
reddit_1995,Infinite_Tax_6567
reddit_634,SpektrumKid
reddit_1657,DangerousFee4
reddit_1626,Altruistic_System_41
reddit_2070,journey1992
reddit_1992,NameIntrepid
reddit_67,Terra246
reddit_1286,BBlank223
reddit_1889,NameIntrepid
reddit_1424,mavavilj
reddit_1483,DangerousFee4
reddit_756,urbanracer34
reddit_874,Alternative-Jaguar55
reddit_211,No-Watercress-9116
reddit_168,MycologistAdvanced24
reddit_585,joost666
reddit_1786,mickNcheez
reddit_307,urbanracer34
reddit_819,turquoiseturtle01
reddit_630,urbanracer34
reddit_2095,BlueAzzure
reddit_519,Saiyanobe_23
reddit_479,foooood4thought
reddit_1892,Infinite_Tax_6567
reddit_128,SpektrumKid
reddit_1448,NameIntrepid
reddit_2155,journey1992
reddit_1560,NameIntrepid
reddit_873,BBlank223
reddit_1956,mavavilj
reddit_51,Terra246
reddit_1427,Alternative-Jaguar55
reddit_1313,Infinite_Tax_6567
reddit_1393,Infinite_Tax_6567
reddit_867,Living_Pin_2781
reddit_1411,turquoiseturtle01
reddit_1746,sharksandpickles
reddit_1580,pleaseimconfused
reddit_450,Competitive_Bid7071
reddit_605,AspiringBiotech
reddit_2029,OllieCad
reddit_1221,shadowXXe
reddit_1290,Alternative-Jaguar55
reddit_1913,carter_pride
reddit_2048,OllieCad
reddit_2058,OllieCad
reddit_765,urbanracer34
reddit_1840,Infinite_Tax_6567
reddit_281,PotentialAgile951
reddit_247,PeteyZee1998
reddit_1179,DangerousFee4
reddit_1177,BBlank223
reddit_1196,turquoiseturtle01
reddit_1679,RockyK96
reddit_2137,BlueAzzure
reddit_2139,BlueAzzure
reddit_514,Nicenastybuttercup
reddit_1851,NameIntrepid
reddit_1912,Infinite_Tax_6567
reddit_1106,PeteyZee1998
reddit_464,Competitive_Bid7071
reddit_231,PotentialAgile951
reddit_1052,littledaisy_07
reddit_1376,BBlank223
reddit_807,Living_Pin_2781
reddit_482,Saiyanobe_23
reddit_1332,NameIntrepid
reddit_2093,journey1992
reddit_831,Living_Pin_2781
reddit_1967,massivesmoke
reddit_710,urbanracer34
reddit_120,SpektrumKid
reddit_321,No-Watercress-9116
reddit_416,foooood4thought
reddit_636,Competitive_Bid7071
reddit_56,FaithInStrangers94
reddit_1677,purple07631
reddit_1506,Lizziemaughan17x
reddit_1182,BBlank223
reddit_1680,SlipInternational593
reddit_707,AspiringBiotech
reddit_1905,Altruistic_System_41
reddit_1717,purple07631
reddit_1666,tgott1686
reddit_353,PotentialAgile951
reddit_486,urbanracer34
reddit_906,Elusive-Yoda
reddit_2025,OllieCad
reddit_350,No-Watercress-9116
reddit_230,PotentialAgile951
reddit_1173,sharksandpickles
reddit_1340,BBlank223
reddit_1422,Elusive-Yoda
reddit_1701,purple07631
reddit_613,SpektrumKid
reddit_1890,rioboy1985
reddit_886,sharksandpickles
reddit_44,FaithInStrangers94
reddit_2065,journey1992
reddit_1298,turquoiseturtle01
reddit_1716,purple07631
reddit_1128,NameIntrepid
reddit_485,joost666
reddit_1649,Elusive-Yoda
reddit_1344,shadowXXe
reddit_1554,purple07631
reddit_1599,Elusive-Yoda
reddit_1828,sharksandpickles
reddit_2131,BlueAzzure
reddit_408,urbanracer34
reddit_69,FaithInStrangers94
reddit_1053,NameIntrepid
reddit_921,littledaisy_07
reddit_361,PotentialAgile951
reddit_1928,Infinite_Tax_6567
reddit_1413,turquoiseturtle01
reddit_259,PeteyZee1998
reddit_409,foooood4thought
reddit_1637,tgott1686
reddit_1457,Master-Champion-1528
reddit_1132,shadowXXe
reddit_1338,littledaisy_07
reddit_809,PeteyZee1998
reddit_1125,mickNcheez
reddit_342,PotentialAgile951
reddit_1018,PeteyZee1998
reddit_480,Saiyanobe_23
reddit_1317,BBlank223
reddit_744,SpektrumKid
reddit_303,Competitive_Bid7071
reddit_1593,carter_pride
reddit_239,joost666
reddit_99,MenuTime5231
reddit_1565,pleaseimconfused
reddit_1572,tgott1686
reddit_1939,Altruistic_System_41
reddit_1463,turquoiseturtle01
reddit_909,tgott1686
reddit_432,poke000
reddit_1687,NameIntrepid
reddit_2152,BlueAzzure
reddit_841,Sommet_
reddit_1366,BBlank223
reddit_124,urbanracer34
reddit_1782,rioboy1985
reddit_185,SpektrumKid
reddit_282,SpektrumKid
reddit_494,AspiringBiotech
reddit_65,FaithInStrangers94
reddit_383,AspiringBiotech
reddit_2091,journey1992
reddit_798,turquoiseturtle01
reddit_1817,Lizziemaughan17x
reddit_904,Elusive-Yoda
reddit_997,Right_now78
reddit_1146,massivesmoke
reddit_1050,NameIntrepid
reddit_1084,BBlank223
reddit_1994,Infinite_Tax_6567
reddit_1798,SlipInternational593
reddit_1387,NameIntrepid
reddit_2023,carter_pride
reddit_212,SpektrumKid
reddit_2073,journey1992
reddit_1774,Lizziemaughan17x
reddit_1610,carter_pride
reddit_299,urbanracer34
reddit_543,Competitive_Bid7071
reddit_678,AspiringBiotech
reddit_1630,Elusive-Yoda
reddit_1103,Sommet_
reddit_1748,RockyK96
reddit_210,PeteyZee1998
reddit_530,Saiyanobe_23
reddit_1738,littledaisy_07
reddit_817,NameIntrepid
reddit_869,littledaisy_07
reddit_220,SpektrumKid
reddit_1164,BBlank223
reddit_237,urbanracer34
reddit_1606,Infinite_Tax_6567
reddit_427,New_Shoe9530
reddit_2160,journey1992
reddit_611,poke000
reddit_532,poke000
reddit_2086,journey1992
reddit_727,poke000
reddit_930,Sommet_
reddit_461,New_Shoe9530
reddit_13,MenuTime5231
reddit_680,AspiringBiotech
reddit_296,urbanracer34
reddit_1857,sharksandpickles
reddit_590,Saiyanobe_23
reddit_1244,tgott1686
reddit_1594,Lizziemaughan17x
reddit_2144,journey1992
reddit_893,littledaisy_07
reddit_1110,littledaisy_07
reddit_1204,purple07631
reddit_2051,OllieCad
reddit_926,Alternative-Jaguar55
reddit_907,Right_now78
reddit_1805,mavavilj
reddit_354,PotentialAgile951
reddit_1418,Master-Champion-1528
reddit_752,urbanracer34
reddit_1241,turquoiseturtle01
reddit_382,PotentialAgile951
reddit_1974,sharksandpickles
reddit_316,foooood4thought
reddit_962,NameIntrepid
reddit_105,Terra246
reddit_1356,shadowXXe
reddit_121,No-Watercress-9116
reddit_1949,Infinite_Tax_6567
reddit_1986,mickNcheez
reddit_367,urbanracer34
reddit_1087,BBlank223
reddit_1319,littledaisy_07
reddit_755,SpektrumKid
reddit_115,MycologistAdvanced24
reddit_76,FaithInStrangers94
reddit_1370,Lizziemaughan17x
reddit_985,littledaisy_07
reddit_1159,littledaisy_07
reddit_1920,Infinite_Tax_6567
reddit_495,SpektrumKid
reddit_1029,littledaisy_07
reddit_668,Competitive_Bid7071
reddit_764,AspiringBiotech
reddit_433,joost666
reddit_2120,BlueAzzure
reddit_1404,turquoiseturtle01
reddit_1449,mickNcheez
reddit_2154,journey1992
reddit_2074,journey1992
reddit_1555,Infinite_Tax_6567
reddit_1102,BBlank223
reddit_903,RockyK96
reddit_1047,rioboy1985
reddit_1054,shadowXXe
reddit_686,poke000
reddit_892,Alternative-Jaguar55
reddit_552,SpektrumKid
reddit_1537,purple07631
reddit_976,poke000
reddit_620,poke000
reddit_965,littledaisy_07
reddit_1347,RockyK96
reddit_1071,Sommet_
reddit_1089,PeteyZee1998
reddit_1882,Infinite_Tax_6567
reddit_1200,Right_now78
reddit_414,Nicenastybuttercup
reddit_1193,BBlank223
reddit_808,Living_Pin_2781
reddit_845,Living_Pin_2781
reddit_1292,littledaisy_07
reddit_63,FaithInStrangers94
reddit_410,Saiyanobe_23
reddit_621,joost666
reddit_1027,NameIntrepid
reddit_1255,RockyK96
reddit_507,AspiringBiotech
reddit_1309,SlipInternational593
reddit_1911,Infinite_Tax_6567
reddit_1511,turquoiseturtle01
reddit_937,littledaisy_07
reddit_1405,RockyK96
reddit_471,foooood4thought
reddit_1795,NameIntrepid
reddit_205,MycologistAdvanced24
reddit_1945,Infinite_Tax_6567
reddit_617,Saiyanobe_23
reddit_422,foooood4thought
reddit_527,SpektrumKid
reddit_1764,NameIntrepid
reddit_1836,mickNcheez
reddit_1622,Ogenz
reddit_23,Terra246
reddit_1814,pleaseimconfused
reddit_1301,Infinite_Tax_6567
reddit_426,Saiyanobe_23
reddit_198,MycologistAdvanced24
reddit_49,FaithInStrangers94
reddit_173,joost666
reddit_759,AspiringBiotech
reddit_1869,Infinite_Tax_6567
reddit_923,Elusive-Yoda
reddit_308,SpektrumKid
reddit_1653,Altruistic_System_41
reddit_999,BBlank223
reddit_1605,pleaseimconfused
reddit_71,Terra246
reddit_438,foooood4thought
reddit_1906,Infinite_Tax_6567
reddit_1727,Lizziemaughan17x
reddit_1711,NameIntrepid
reddit_914,littledaisy_07
reddit_856,NameIntrepid
reddit_840,shadowXXe
reddit_1151,carter_pride
reddit_162,No-Watercress-9116
reddit_932,Alternative-Jaguar55
reddit_1943,Ogenz
reddit_1868,Right_now78
reddit_1953,Sommet_
reddit_1859,Sommet_
reddit_256,urbanracer34
reddit_1467,purple07631
reddit_1064,sharksandpickles
reddit_1190,Right_now78
reddit_440,joost666
reddit_1323,BBlank223
reddit_1242,shadowXXe
reddit_20,FaithInStrangers94
reddit_1833,NameIntrepid
reddit_1133,BBlank223
reddit_381,PotentialAgile951
reddit_1990,mavavilj
reddit_1681,pleaseimconfused
reddit_810,Living_Pin_2781
reddit_1475,Right_now78
reddit_986,massivesmoke
reddit_987,Master-Champion-1528
reddit_1374,BBlank223
reddit_705,Competitive_Bid7071
reddit_1625,SlipInternational593
reddit_1598,pleaseimconfused
reddit_1091,BBlank223
reddit_1304,littledaisy_07
reddit_374,PotentialAgile951
reddit_270,AspiringBiotech
reddit_2099,BlueAzzure
reddit_964,DangerousFee4
reddit_1436,Infinite_Tax_6567
reddit_2064,journey1992
reddit_949,rioboy1985
reddit_571,Saiyanobe_23
reddit_429,joost666
reddit_25,MenuTime5231
reddit_1455,pleaseimconfused
reddit_458,New_Shoe9530
reddit_736,urbanracer34
reddit_1435,turquoiseturtle01
reddit_78,MenuTime5231
reddit_366,AspiringBiotech
reddit_1456,turquoiseturtle01
reddit_32,Terra246
reddit_596,Competitive_Bid7071
reddit_1477,Ogenz
reddit_538,foooood4thought
reddit_1861,Infinite_Tax_6567
reddit_1614,pleaseimconfused
reddit_435,urbanracer34
reddit_786,Living_Pin_2781
reddit_567,joost666
reddit_163,No-Watercress-9116
reddit_203,No-Watercress-9116
reddit_1689,SlipInternational593
reddit_1229,shadowXXe
reddit_610,AspiringBiotech
reddit_2071,journey1992
reddit_305,PeteyZee1998
reddit_1017,littledaisy_07
reddit_588,Nicenastybuttercup
reddit_1237,turquoiseturtle01
reddit_2149,journey1992
reddit_192,joost666
reddit_1552,Infinite_Tax_6567
reddit_1269,BBlank223
reddit_1683,pleaseimconfused
reddit_771,FaithInStrangers94
reddit_1239,shadowXXe
reddit_1322,tgott1686
reddit_1583,NameIntrepid
reddit_218,PeteyZee1998
reddit_1878,carter_pride
reddit_2132,BlueAzzure
reddit_483,joost666
reddit_351,PotentialAgile951
reddit_1904,littledaisy_07
reddit_1085,purple07631
reddit_836,turquoiseturtle01
reddit_651,Competitive_Bid7071
reddit_564,Saiyanobe_23
reddit_1170,BBlank223
reddit_879,littledaisy_07
reddit_59,Terra246
reddit_411,poke000
reddit_1724,purple07631
reddit_772,PotentialAgile951
reddit_1897,Infinite_Tax_6567
reddit_1650,Altruistic_System_41
reddit_73,FaithInStrangers94
reddit_905,mavavilj
reddit_1952,sharksandpickles
reddit_1318,sharksandpickles
reddit_1163,BBlank223
reddit_1775,rioboy1985
reddit_447,AspiringBiotech
reddit_1510,turquoiseturtle01
reddit_1618,pleaseimconfused
reddit_1983,mavavilj
reddit_1530,pleaseimconfused
reddit_781,littledaisy_07
reddit_45,Terra246
reddit_1773,mickNcheez
reddit_1690,purple07631
reddit_294,No-Watercress-9116
reddit_1944,Infinite_Tax_6567
reddit_1655,NameIntrepid
reddit_1848,NameIntrepid
reddit_1841,NameIntrepid
reddit_436,foooood4thought
reddit_544,SpektrumKid
reddit_393,PotentialAgile951
reddit_1490,Master-Champion-1528
reddit_534,Competitive_Bid7071
reddit_30,FaithInStrangers94
reddit_1302,Alternative-Jaguar55
reddit_1604,Lizziemaughan17x
reddit_1111,BBlank223
reddit_1808,mickNcheez
reddit_1880,mickNcheez
reddit_1692,purple07631
reddit_344,AspiringBiotech
reddit_1068,BBlank223
reddit_352,AspiringBiotech
reddit_91,FaithInStrangers94
reddit_806,turquoiseturtle01
reddit_2002,carter_pride
reddit_1545,Elusive-Yoda
reddit_1187,tgott1686
reddit_261,Nicenastybuttercup
reddit_1010,littledaisy_07
reddit_554,Saiyanobe_23
reddit_561,foooood4thought
reddit_582,Saiyanobe_23
reddit_2006,OllieCad
reddit_670,urbanracer34
reddit_650,Competitive_Bid7071
reddit_2033,OllieCad
reddit_300,Competitive_Bid7071
reddit_2056,OllieCad
reddit_1335,Lizziemaughan17x
reddit_315,PotentialAgile951
reddit_1574,Ogenz
reddit_453,foooood4thought
reddit_175,MycologistAdvanced24
reddit_1835,rioboy1985
reddit_916,rioboy1985
reddit_1854,littledaisy_07
reddit_123,No-Watercress-9116
reddit_1813,Lizziemaughan17x
reddit_394,urbanracer34
reddit_1569,tgott1686
reddit_1488,Elusive-Yoda
reddit_39,FaithInStrangers94
reddit_462,Nicenastybuttercup
reddit_599,Saiyanobe_23
reddit_994,PeteyZee1998
reddit_331,joost666
reddit_194,joost666
reddit_2102,BlueAzzure
reddit_322,No-Watercress-9116
reddit_266,urbanracer34
reddit_1652,Elusive-Yoda
reddit_579,Nicenastybuttercup
reddit_1809,mickNcheez
reddit_1403,Master-Champion-1528
reddit_900,mavavilj
reddit_1942,Elusive-Yoda
reddit_1699,purple07631
reddit_1428,littledaisy_07
reddit_1105,Alternative-Jaguar55
reddit_1270,poke000
reddit_2092,journey1992
reddit_695,urbanracer34
reddit_572,joost666
reddit_1767,Ogenz
reddit_1821,SlipInternational593
reddit_1073,BBlank223
reddit_1117,massivesmoke
reddit_915,Sommet_
reddit_1083,Sommet_
reddit_1749,NameIntrepid
reddit_859,Living_Pin_2781
reddit_2087,journey1992
reddit_618,Competitive_Bid7071
reddit_1251,shadowXXe
reddit_1564,Ogenz
reddit_365,AspiringBiotech
reddit_1278,sharksandpickles
reddit_1804,mickNcheez
reddit_1517,sharksandpickles
reddit_1025,BBlank223
reddit_583,Competitive_Bid7071
reddit_1494,Master-Champion-1528
reddit_2009,PeteyZee1998
reddit_816,mavavilj
reddit_862,DangerousFee4
reddit_1566,Lizziemaughan17x
reddit_1138,massivesmoke
reddit_1037,rioboy1985
reddit_2133,BlueAzzure
reddit_318,urbanracer34
reddit_647,urbanracer34
reddit_931,littledaisy_07
reddit_746,AspiringBiotech
reddit_780,NameIntrepid
reddit_1525,Infinite_Tax_6567
reddit_343,PotentialAgile951
reddit_398,joost666
reddit_584,poke000
reddit_1658,SlipInternational593
reddit_292,PotentialAgile951
reddit_1036,NameIntrepid
reddit_1273,RockyK96
reddit_1131,BBlank223
reddit_141,No-Watercress-9116
reddit_1790,sharksandpickles
reddit_2,FaithInStrangers94
reddit_576,Saiyanobe_23
reddit_1333,Right_now78
reddit_339,joost666
reddit_839,Living_Pin_2781
reddit_265,No-Watercress-9116
reddit_376,SpektrumKid
reddit_1885,Infinite_Tax_6567
reddit_439,joost666
reddit_271,PeteyZee1998
reddit_244,No-Watercress-9116
reddit_1124,BBlank223
reddit_693,Competitive_Bid7071
reddit_788,BBlank223
reddit_674,Competitive_Bid7071
reddit_607,Saiyanobe_23
reddit_415,joost666
reddit_273,PotentialAgile951
reddit_2036,OllieCad
reddit_250,PeteyZee1998
reddit_413,foooood4thought
reddit_1381,BBlank223
reddit_1508,NameIntrepid
reddit_310,joost666
reddit_1263,NameIntrepid
reddit_1044,rioboy1985
reddit_425,foooood4thought
reddit_2104,BlueAzzure
reddit_792,Living_Pin_2781
reddit_998,littledaisy_07
reddit_1562,purple07631
reddit_940,rioboy1985
reddit_1509,purple07631
reddit_2055,OllieCad
reddit_526,joost666
reddit_742,urbanracer34
reddit_857,rioboy1985
reddit_182,foooood4thought
reddit_170,SpektrumKid
reddit_741,urbanracer34
reddit_1137,massivesmoke
reddit_187,No-Watercress-9116
reddit_619,urbanracer34
reddit_1903,Infinite_Tax_6567
reddit_158,MycologistAdvanced24
reddit_1480,turquoiseturtle01
reddit_272,PotentialAgile951
reddit_614,Competitive_Bid7071
reddit_1927,Infinite_Tax_6567
reddit_1789,sharksandpickles
reddit_1991,mavavilj
reddit_371,joost666
reddit_222,No-Watercress-9116
reddit_593,poke000
reddit_2080,journey1992
reddit_1778,Lizziemaughan17x
reddit_1862,Ogenz
reddit_136,urbanracer34
reddit_518,urbanracer34
reddit_812,turquoiseturtle01
reddit_334,PotentialAgile951
reddit_925,BBlank223
reddit_1342,Lizziemaughan17x
reddit_1216,NameIntrepid
reddit_1873,Infinite_Tax_6567
reddit_15,MenuTime5231
reddit_1958,mavavilj
reddit_1075,Sommet_
reddit_1776,mickNcheez
reddit_1941,Infinite_Tax_6567
reddit_570,foooood4thought
reddit_654,New_Shoe9530
reddit_1375,NameIntrepid
reddit_1116,massivesmoke
reddit_465,urbanracer34
reddit_1023,massivesmoke
reddit_199,AspiringBiotech
reddit_1001,poke000
reddit_1385,Elusive-Yoda
reddit_1220,BBlank223
reddit_1303,sharksandpickles
reddit_1423,Master-Champion-1528
reddit_1499,Elusive-Yoda
reddit_1078,BBlank223
reddit_591,Competitive_Bid7071
reddit_988,massivesmoke
reddit_1615,tgott1686
reddit_1929,Elusive-Yoda
reddit_1947,Infinite_Tax_6567
reddit_889,rioboy1985
reddit_1226,BBlank223
reddit_43,MenuTime5231
reddit_1198,DangerousFee4
reddit_274,joost666
reddit_1391,sharksandpickles
reddit_101,FaithInStrangers94
reddit_1094,Sommet_
reddit_1433,turquoiseturtle01
reddit_1901,Infinite_Tax_6567
reddit_107,MenuTime5231
reddit_1513,RockyK96
reddit_497,SpektrumKid
reddit_2157,journey1992
reddit_1481,Master-Champion-1528
reddit_1004,BBlank223
reddit_891,turquoiseturtle01
reddit_1113,Sommet_
reddit_1489,tgott1686
reddit_1493,carter_pride
reddit_1935,Altruistic_System_41
reddit_818,NameIntrepid
reddit_785,Living_Pin_2781
reddit_712,SpektrumKid
reddit_72,MenuTime5231
reddit_1000,rioboy1985
reddit_1395,BBlank223
reddit_1343,NameIntrepid
reddit_838,rioboy1985
reddit_481,joost666
reddit_1234,shadowXXe
reddit_506,Competitive_Bid7071
reddit_1185,Infinite_Tax_6567
reddit_1461,mickNcheez
reddit_1223,purple07631
reddit_2162,journey1992
reddit_1567,Lizziemaughan17x
reddit_1519,purple07631
reddit_1725,Lizziemaughan17x
reddit_1645,Lizziemaughan17x
reddit_1086,BBlank223
reddit_311,No-Watercress-9116
reddit_1067,massivesmoke
reddit_405,foooood4thought
reddit_1268,mickNcheez
reddit_1005,littledaisy_07
reddit_1202,BBlank223
reddit_929,Alternative-Jaguar55
reddit_1315,Infinite_Tax_6567
reddit_309,No-Watercress-9116
reddit_226,No-Watercress-9116
reddit_743,New_Shoe9530
reddit_1957,mavavilj
reddit_948,PeteyZee1998
reddit_1420,poke000
reddit_1765,Lizziemaughan17x
reddit_1619,pleaseimconfused
reddit_1114,shadowXXe
reddit_1040,rioboy1985
reddit_148,SpektrumKid
reddit_944,Lizziemaughan17x
reddit_952,Sommet_
reddit_291,Saiyanobe_23
reddit_692,urbanracer34
reddit_704,SpektrumKid
reddit_1058,littledaisy_07
reddit_1831,Lizziemaughan17x
reddit_575,Saiyanobe_23
reddit_557,Competitive_Bid7071
reddit_1547,Elusive-Yoda
reddit_701,SpektrumKid
reddit_1406,purple07631
reddit_1330,BBlank223
reddit_1351,Right_now78
reddit_1553,Elusive-Yoda
reddit_748,urbanracer34
reddit_1336,BBlank223
reddit_1471,turquoiseturtle01
reddit_167,MycologistAdvanced24
reddit_730,urbanracer34
reddit_1536,NameIntrepid
reddit_286,joost666
reddit_1847,SlipInternational593
reddit_1965,Ogenz
reddit_628,foooood4thought
reddit_598,Saiyanobe_23
reddit_2165,journey1992
reddit_377,joost666
reddit_1886,Infinite_Tax_6567
reddit_1360,BBlank223
reddit_1829,mickNcheez
reddit_1647,NameIntrepid
reddit_1412,turquoiseturtle01
reddit_1541,NameIntrepid
reddit_41,Terra246
reddit_849,Living_Pin_2781
reddit_1383,littledaisy_07
reddit_1874,mickNcheez
reddit_865,Living_Pin_2781
reddit_1421,turquoiseturtle01
reddit_609,Saiyanobe_23
reddit_1208,Right_now78
reddit_1502,turquoiseturtle01
reddit_1644,Altruistic_System_41
reddit_993,rioboy1985
reddit_1175,Infinite_Tax_6567
reddit_493,Saiyanobe_23
reddit_1521,Altruistic_System_41
reddit_277,joost666
reddit_757,joost666
reddit_2089,journey1992
reddit_358,PotentialAgile951
reddit_1281,turquoiseturtle01
reddit_236,PeteyZee1998
reddit_551,Competitive_Bid7071
reddit_520,poke000
reddit_1232,BBlank223
reddit_208,No-Watercress-9116
reddit_1601,pleaseimconfused
reddit_720,urbanracer34
reddit_973,tgott1686
reddit_1801,SlipInternational593
reddit_1609,pleaseimconfused
reddit_58,Terra246
reddit_631,SpektrumKid
reddit_1826,mickNcheez
reddit_1803,mickNcheez
reddit_592,Saiyanobe_23
reddit_1818,sharksandpickles
reddit_363,AspiringBiotech
reddit_1755,rioboy1985
reddit_505,Saiyanobe_23
reddit_942,Alternative-Jaguar55
reddit_1293,BBlank223
reddit_1846,Lizziemaughan17x
reddit_733,SpektrumKid
reddit_2019,OllieCad
reddit_2083,journey1992
reddit_1621,Infinite_Tax_6567
reddit_1867,carter_pride
reddit_1057,pleaseimconfused
reddit_118,MycologistAdvanced24
reddit_2030,OllieCad
reddit_706,urbanracer34
reddit_1307,littledaisy_07
reddit_745,urbanracer34
reddit_522,SpektrumKid
reddit_1364,Alternative-Jaguar55
reddit_1061,BBlank223
reddit_513,urbanracer34
reddit_81,Terra246
reddit_1811,RockyK96
reddit_963,DangerousFee4
reddit_2103,BlueAzzure
reddit_380,AspiringBiotech
reddit_1192,tgott1686
reddit_1946,mavavilj
reddit_84,Terra246
reddit_1932,Infinite_Tax_6567
reddit_672,poke000
reddit_774,carter_pride
reddit_329,No-Watercress-9116
reddit_6,MenuTime5231
reddit_1501,Altruistic_System_41
reddit_1551,RockyK96
reddit_990,poke000
reddit_1999,OllieCad
reddit_164,poke000
reddit_1888,rioboy1985
reddit_451,joost666
reddit_490,SpektrumKid
reddit_2163,journey1992
reddit_1710,purple07631
reddit_287,No-Watercress-9116
reddit_1121,Right_now78
reddit_87,MenuTime5231
reddit_1577,Ogenz
reddit_802,Living_Pin_2781
reddit_1386,DangerousFee4
reddit_941,mavavilj
reddit_1043,massivesmoke
reddit_1960,Ogenz
reddit_1041,massivesmoke
reddit_2039,OllieCad
reddit_1181,BBlank223
reddit_2045,OllieCad
reddit_1288,Right_now78
reddit_1902,Infinite_Tax_6567
reddit_327,joost666
reddit_1980,mavavilj
reddit_442,New_Shoe9530
reddit_834,NameIntrepid
reddit_2057,OllieCad
reddit_1272,Lizziemaughan17x
reddit_832,Living_Pin_2781
reddit_1245,Right_now78
reddit_348,Competitive_Bid7071
reddit_1596,tgott1686
reddit_177,Competitive_Bid7071
reddit_1228,carter_pride
reddit_2143,BlueAzzure
reddit_939,Alternative-Jaguar55
reddit_86,MenuTime5231
reddit_1628,pleaseimconfused
reddit_2118,BlueAzzure
reddit_1883,Infinite_Tax_6567
reddit_457,New_Shoe9530
reddit_777,carter_pride
reddit_1112,Right_now78
reddit_642,Competitive_Bid7071
reddit_2075,journey1992
reddit_54,Terra246
reddit_1402,purple07631
reddit_1735,Sommet_
reddit_1791,mickNcheez
reddit_643,foooood4thought
reddit_1592,Infinite_Tax_6567
reddit_677,AspiringBiotech
reddit_221,MycologistAdvanced24
reddit_113,MycologistAdvanced24
reddit_1157,purple07631
reddit_2004,OllieCad
reddit_1357,Ogenz
reddit_174,SpektrumKid
reddit_1033,littledaisy_07
reddit_589,Nicenastybuttercup
reddit_974,poke000
reddit_1800,littledaisy_07
reddit_18,MenuTime5231
reddit_423,Nicenastybuttercup
reddit_1546,Lizziemaughan17x
reddit_285,urbanracer34
reddit_1825,mickNcheez
reddit_428,SpektrumKid
reddit_1744,Lizziemaughan17x
reddit_1469,Master-Champion-1528
reddit_669,AspiringBiotech
reddit_31,MenuTime5231
reddit_1134,littledaisy_07
reddit_722,poke000
reddit_2000,OllieCad
reddit_1834,DangerousFee4
reddit_1654,SlipInternational593
reddit_214,PeteyZee1998
reddit_1055,turquoiseturtle01
reddit_1430,Elusive-Yoda
reddit_1642,Ogenz
reddit_326,joost666
reddit_560,Saiyanobe_23
reddit_1283,pleaseimconfused
reddit_700,urbanracer34
reddit_2115,BlueAzzure
reddit_1876,Infinite_Tax_6567
reddit_341,joost666
reddit_629,SpektrumKid
reddit_147,PotentialAgile951
reddit_1723,SlipInternational593
reddit_360,No-Watercress-9116
reddit_83,FaithInStrangers94
reddit_1608,pleaseimconfused
reddit_1165,littledaisy_07
reddit_48,Terra246
reddit_468,urbanracer34
reddit_881,Alternative-Jaguar55
reddit_155,AspiringBiotech
reddit_1233,shadowXXe
reddit_1194,BBlank223
reddit_1849,RockyK96
reddit_1617,SlipInternational593
reddit_1380,SlipInternational593
reddit_1893,mickNcheez
reddit_855,littledaisy_07
