id,text
lorem_1,private text
lorem_2,private text
lorem_3,private text
lorem_4,private text
lorem_5,private text
lorem_6,private text
lorem_7,private text
lorem_8,private text
lorem_9,private text
lorem_10,private text
lorem_11,private text
lorem_12,private text
lorem_13,private text
lorem_14,private text
lorem_15,private text
lorem_16,private text
lorem_17,private text
lorem_18,private text
lorem_19,private text
lorem_20,private text
lorem_21,private text
lorem_22,private text
lorem_23,private text
lorem_24,private text
lorem_25,private text
lorem_26,private text
lorem_27,private text
lorem_28,private text
lorem_29,private text
lorem_30,private text
lorem_31,private text
lorem_32,private text
lorem_33,private text
lorem_34,private text
lorem_35,private text
lorem_36,private text
lorem_37,private text
lorem_38,private text
lorem_39,private text
lorem_40,private text
lorem_41,private text
lorem_42,private text
lorem_43,private text
lorem_44,private text
lorem_45,private text
lorem_46,private text
lorem_47,private text
lorem_48,private text
lorem_49,private text
lorem_50,private text
lorem_51,private text
lorem_52,private text
lorem_53,private text
lorem_54,private text
lorem_55,private text
lorem_56,private text
lorem_57,private text
lorem_58,private text
lorem_59,private text
lorem_60,private text
lorem_61,private text
lorem_62,private text
lorem_63,private text
lorem_64,private text
lorem_65,private text
lorem_66,private text
lorem_67,private text
lorem_68,private text
lorem_69,private text
lorem_70,private text
lorem_71,private text
lorem_72,private text
lorem_73,private text
lorem_74,private text
lorem_75,private text
lorem_76,private text
lorem_77,private text
lorem_78,private text
lorem_79,private text
lorem_80,private text
lorem_81,private text
lorem_82,private text
lorem_83,private text
lorem_84,private text
lorem_85,private text
lorem_86,private text
lorem_87,private text
lorem_88,private text
lorem_89,private text
lorem_90,private text
lorem_91,private text
lorem_92,private text
lorem_93,private text
lorem_94,private text
lorem_95,private text
lorem_96,private text
lorem_97,private text
lorem_98,private text
lorem_99,private text
