user_id,stars,author_id,text,sentiment,sentiment_id
_BcWyKQL16ndpBdggh2kNA,3,0,"Not the best builder to get jobs done on time... Some wrinkling at the front of the house and a very cheap car, which didn Very professional and personable. Good job!.> I'll definitely do business with them again in the future. Would definitely hire them if I'm in need of the work done or not.",positive,1
_BcWyKQL16ndpBdggh2kNA,3,0,"Best Mexican food served in the greater Philadelphia area. It's always fresh, and there's always plenty of stuff to choose from, as well. Also had the smoked fish and the pork. Very nice staff!Had dinner here twice the week since my second visit.",positive,1
_BcWyKQL16ndpBdggh2kNA,5,0,"Service was perfect, very fast, & the drinks are great. It had a flavor I had never had before and was super icy. Subbed for an $8 cup of craft beers. Awful, overpriced cocktails for me. The main courses: chicken with shiitake mushrooms, Brussels sprouts, and baked potatoes. Very private space.Had a great time, but was a very good evening. There is also a small patio for outside dining. Also great for breakfast/brunch. And for the price, it gets better the more you go up there. The view is incredible up here in the woods. ""Given the location and view...you expect a view of the gorge,"" but the decor is beautiful. The only kind I can get are incoming calls.",positive,1
_BcWyKQL16ndpBdggh2kNA,4,0,"I'm excited you want to join us! I am impressed, I have already bought 3 items, and have tried several of them. They arrived today morning and are great so far - and it's not too late to order those for a ten year old grandson.",positive,1
_BcWyKQL16ndpBdggh2kNA,4,0,The new item was shipped very fast and was pristine! We will be back!,positive,1
_BcWyKQL16ndpBdggh2kNA,4,0,"A few times a week at this cafe, they have big bowls of fruit juices and really good sandwiches too. Great food and good service. Also a great place to buy cakes. I just got my driver's license on Tuesday afternoon. If you want to make a special order check our website for more info or call us for a quote - there is no obligation - and there",positive,1
_BcWyKQL16ndpBdggh2kNA,4,0,"I am SO happy with this store! I didn't realize there was a fabric department in there until we went on a Tuesday night. This was our second visit. Also our 3rd time to visit this location. is a huge help! We sat by the water fountain and had a good time - they were always selling great finds at the sales booths. The store itself is a huge, big, huge space and TONS of fabric. They will give me a free gift bag to put all our supplies.",positive,1
_BcWyKQL16ndpBdggh2kNA,3,0,"We've been going to this location for more than 30 years. For example, the other location closest to me is a little further west in the downtown area; but there should be separate locations for the City of North America My girl loves this office. Unlike other nail salons, City Nails is always in stock so they can do whatever you need from start to finish. The atmosphere is fun. I think that they do a a good job, but the prices are a bit steep. My daughter vowed to never go there ever again because her nails were so broken up. Have she gone twice?",positive,1
_BcWyKQL16ndpBdggh2kNA,4,0,Most parking available nearby but there are lots close by as well. It is very clean. I know this has been going on for about ten years.,positive,1
_BcWyKQL16ndpBdggh2kNA,4,0,"I went into this department store recently - on 15th St, after driving to I-88 and shopping in Old Town. I found a few beautiful items at the store, but the salesperson really specialized in just one small item: scents. I went there for two days on a whim on New Year's Day, but it was very busy at that time. They also have some deals on bath soap...not just on bath items either. I've never been too busy - and when the store was empty there was only one cashier - so I don't feel like a I never felt like I was there unless she was asking for help or looking it up on the Internet. Also, the prices of products are low and I have a lot of loyalty. Its convenient for me to park in this en-suite.",positive,1
_BcWyKQL16ndpBdggh2kNA,5,0,"Since there are deals at these two restaurants, I figured, I'd pass on it. I used to think that it was my parents but they are in a different city, so I just keep reminiscing, since our family We often eat there just as we are headed into our classes at the bus depot because we know it's going to be expensive. But, they always cook it to perfection. Great restaurant and an outstanding experience. Also LOVE the wings. The best shrimp batter. And snobby sauce! And the hot fries!!!",positive,1
_BcWyKQL16ndpBdggh2kNA,5,0,It has been great working with them at CP and its great to see the improvements that the system is making. It is also very affordable. Best in town..,positive,1
_BcWyKQL16ndpBdggh2kNA,2,0,"With its historic buildings, great food options & cheap drinks, Big Joe's has become a staple of San Francisco. For the most part a McDonald's in Seattle is a McDonald's, but on Wednesdays the McDonald's is an outdoor food store. Those are the kind of things I never would have picked up at McDonalds. In my recollection the store closed during the cold of 2008-09 and just last month it was closed again for the holiday season. I think when it became available to locals it became a tourist trap after the bus came out of the station back in the day.",negative,0
_BcWyKQL16ndpBdggh2kNA,5,0,"Amazing experience..I had heard about this place previously and was blown away! It was so nice to have fun with a group of people. Just sayin, there was no arguing about beer, ice tea, bartender ""Judy"", etc.""",positive,1
_BcWyKQL16ndpBdggh2kNA,3,0,"This is a great family friendly restaurant. There are several dishes which look amazing with a great variety for any price point (it's just under $10+ - which is why I was  However this is a beautiful hotel and if you're able to find time when you are looking for a quiet place outside of the casino  The waitress was extremely nice and very nice. It is also a hotel - so in the end - the restaurant was good enough to be a nice stop. So, if you want to eat ""chix"" food, stop in.",positive,1
_BcWyKQL16ndpBdggh2kNA,1,0,Worse experience than you will find in the area. After the service manager told me about the delay I was very excited. So very disappointed.I did send the car in for an oil change and the lady in the drive through told me that I did not want that I needed  Please don't do it.,negative,0
_BcWyKQL16ndpBdggh2kNA,5,0,"Thank you (in person, via social media, of course!) I am a lucky girl, and have won a pair of EYESITE frames- in a beautiful black color. They are so comfortable... I have to eat them up. They do have small plastic parts that are designed to fit my specs. The frames really look nice and look like they are made by top of the line frames. There are 6 - I like to think I have 4 pairs and they are super fun to wear. It also is one of my favorite stores to go for fashion.",positive,1
_BcWyKQL16ndpBdggh2kNA,4,0,"CHEF - Service is excellent - good food, good drinks (even hot) and solid choices, mainly good pizza, and good sides  There were some burgers that weren't as juicy as other fast food places. It was really good! The cheeseburger was so thick and  flavorful that not eating the whole thing was a burden for me. Great prices..great place! But not every sandwich I've ordered has been very good.",positive,1
_BcWyKQL16ndpBdggh2kNA,4,0,"Although I've experienced a lot of great Mexican restaurants around - this joint is by far the best. A few things go wrong: pig bar - one pig is very cute. The wait is about a half hour - but it's not bad. The pig bar is definitely good so you can get more of any of the pigs than the usual ""pig bar"". The place is open 10am to 7pm to get food and be served. They even have a skewer station! On the day of my visit, my daughter needed a burger and said she likes to try new places - so we took advantage of those hours I really wanted to do both but didn't have enough time/ Money. It came to a very reasonable $18. And it's not all burgers. Also - the only reason I would keep going back is to pick up that burger at the door.",positive,1
_BcWyKQL16ndpBdggh2kNA,4,0,"This is the first time that I have weighed my ""to go"" diet. It looks like all three items are about the same - I still need to cut out the jack cheese, just because I am on low carb. The store is just off the street by the Qdobas with the new location just a few blocks away. It's got a much easier roll up and is much faster to prepare than the previous ones I'd been eating. It sounds like a great way to get a high calorie filling for your lunch break - and it is. And since I am only there around 4pm - I don't feel like going out to eat so often, it is only a matter of :) The only thing missing is the amazing, excellently staffed, awesome. burger that was so good I ordered that whole bowl!",positive,1
_BcWyKQL16ndpBdggh2kNA,4,0,"....the car ran out of brake pads for a second time...and the other staff refused to help us with the repairs. The staff also seemed like they were aware of my husband's condition and explained it well. The doctor came around pretty quick and did a good job of his procedure. We don't mind waiting for an appointment next week, but the wait is very long.",positive,1
_BcWyKQL16ndpBdggh2kNA,5,0,"All you need is to have it drained. It's an all-day event with great food, wine and live entertainment, and the most amazing bar in Philadelphia. The Gueac-off party and event was held here in a comfortable, cozy club setting. Great for private parties, a great place to host your meetings and meetings!",positive,1
_BcWyKQL16ndpBdggh2kNA,4,0,:::It's a case of a little bit of everything. It was just a decision - I just don't know where to go.,positive,1
_BcWyKQL16ndpBdggh2kNA,4,0,"I'm glad they called it a ""crafty"" area before they called it ""art"" (even though it also contains a woodturning The little delis at Izakaya/Cadillac, the little coffee shop/shop that sells organic foods by the pond At the same time though, it's a bit out of my normal neighborhood. It's a re-writing of ""Little"" but don't let that get the better of you). The original ""C"" in Old was H.C.)",positive,1
_BcWyKQL16ndpBdggh2kNA,4,0,Is there a cure for x-sploc? Check out his interview and get the original!,positive,1
_BcWyKQL16ndpBdggh2kNA,3,0,"We've been there several times and it's always a nice time. But on the weekends, parking is a pain. But for kids, it’s a perfect family outing.",positive,1
_BcWyKQL16ndpBdggh2kNA,2,0,"This place is a bit newer! I'm guessing I'm going to try to eat there sometime later this year to see if it's better or worse or the same It has all the usual tourist attractions of the city. ... ... .. and, well - it doesn't even come close to the authentic Japanese ice cream! The service, the food - in general, the food. I mean... The food doesn't look very good at all. I'm not a huge fan of the ""wow"" factor... You can save a lot - compared to what it's been like here!",negative,0
_BcWyKQL16ndpBdggh2kNA,4,0,"I work at B&L and this space is perfect for my company to rent space and to run meetings in! If anyone had the funds (or could give) they would have done a fantastic job building this beautiful area, its just great to bring this type of event I was happy to have my wedding held here but could not recommend this venue because it has a large parking lot.",positive,1
_BcWyKQL16ndpBdggh2kNA,4,0,"Great place for small bites and great drinks. There were some wonderful food options - I wanted pizza - but they had a hunk of cheese one day, not a large pizza ( Just one more reason to go! Good value for money. Great coffee, just a bit overpriced for me. Great coffee, delicious food and really good prices. Also available to grab breakfast (hot, fresh eggs and toast) and lunch (coffee & cake).",positive,1
_BcWyKQL16ndpBdggh2kNA,3,0,"Chuck E. Cheese has just not been my idea of a good time in the city centre. We went there to celebrate a special birthday for my sister and her daughter. We were on in line that went through the buffet and then out to the movie theatre. Many other places near this location would be a better choice than this. The birthday boy who won the pigeon race was an extremely nice young man and was the perfect host for our party, but all in all this place",positive,1
_BcWyKQL16ndpBdggh2kNA,1,0,"I know many of you didn't know that I had a Toyota truck... (I still think that was the year I started renting U-hauls.) The first two times I was rent (in my mom's car and in her own at her home, which was in San Francisco) we rented  During my rant I tried to tell all of you how bad this vehicle is. I feel incredibly sorry, both for me and my parents, for what they suffered. My friend told me that we were driving along ""the right way"" with a flat tire and he claimed that it was because the tire was sticky.",negative,0
_BcWyKQL16ndpBdggh2kNA,5,0,"If you can eat at the Sashimi Club. What an amazing restaurant! Loved the freshest shrimp I've ever had! Another one, I have not had in years. Love that the brie is thin and a great sauce as well. Will definitely return.I ordered the chicken wrapper (a great addition!)",positive,1
_BcWyKQL16ndpBdggh2kNA,4,0,"Located in this beautiful facility (Sharp Creek Community Health), I have recently gone to Dr. M. W. Attia's office The staff was great but I think it is because of the delays that we were admitted unable to see my daughter. We were transferred to Dupont Health Center and despite the fact that it was late, the staff was very pleasant. Had a very good Dr. and staff. When he was ready to leave he was able to get out of the car, he was in and out in under 20 minutes! We highly recommend BCC MD to every patient. Very friendly staff!!!",positive,1
_BcWyKQL16ndpBdggh2kNA,4,0," Southwestern style sandwiches, fresh produce, and soups. Looks like they'll be adding to it some more soon but I think they'll have a good start.",positive,1
_BcWyKQL16ndpBdggh2kNA,5,0,AWESOME! The quality of the eyewear is top notch and the store is super clean. Everyone was very friendly and helpful. The best part is they provide full service from design to product to aftercare.,positive,1
_BcWyKQL16ndpBdggh2kNA,2,0,"Brodo is located by the DMV at 200 S. Washington Street and you would think they'd get the same great looking sandwiches/soup But no. I don't think Brodo has any pretty cup of soup. Soup isn't always good (or even good!! Yes, I know. Go back?)... just check out their ""Mega Menu"" for all of the items. Nom Nom's servers were incredibly friendly - but I don't think that they have a good selection of good sandwiches because they can I ordered a combo of burritos with ketchup and an ice cold beer. (Don't tell me it's not on the menu) but when I took my order a few minutes ago, the cheese on the sandwich ( Not worth it.I'm going home to find them in the same building where the rest of my sandwiches are from and then make up my mind where to My sandwich was okay. They added some horseradish to it - and it was nice but not very good. I left it on, so I can only assume that they didn't test this out on real stuff. The soup is just average. At least it's in the middle of the food court. It was just too salty. (A lot of people had excellent breakfasts there years ago and I am sure this is the same place.) I expected $5.5 a piece! I'll have to stay home because the bathroom is really tiny. After all, I can't complain about anything in a cafe. Maybe if they offered a discount (which they don't) I would come back.",negative,0
_BcWyKQL16ndpBdggh2kNA,4,0,"My friend and I had lunch last week at La Bier and sat close to the rotunda and hung out with a very cool Yesterday we went to SFF for dinner at the Four Seasons. This place actually ranked in the top 5 for us. I ordered the fish dish and liked it! I really admired Foo as the food was so good (with plenty of unique choices - for those who like Mediterranean food.) The staff was extremely nice - nice smiles and nice greetings - excellent and tasty food. I started with a drink called The Pink Lemonade and absolutely loved it. I had a nastier version to try for dessert. My partner ordered a salmon dish. We were first served the grilled tuna dish of the day. She ordered a plate of m&m - which were simply delicious. She wanted both it and nappah but then was forced to take it off since it didn't get cold while it was cooking. What I ordered was a tuna tartare with creamed tuna, creamed cheese, cheesy mayo, and sau I did not even know what an Ahi tuna was until I saw the name on a menu - which said ""The Original Tuna Mix"". The Salad I ordered was a ""must have"" - it was an amazing combination of cucumbers (you really can eat a whole I had the goat cheese bacaladette. Why the wontons? This was probably her last effort at making the wontons. Maybe just a problem with the goat cheese? cheese or something that was a bit ""tacky"". And the wontons were soggy and not even soft - so soggy. I had 3 wontons - that wasn't just like the ones in the tortellni. I will definitely be back. I would recommend this place. If you think a place that serves everything at 5 stars is ""all that"" - it's the absolute thing this place is.",positive,1
_BcWyKQL16ndpBdggh2kNA,3,0,"This is an average day in the life of a coffee shop. Though there's no bar, there's a cool patio for lounging on, a full bar, and a few other dining options",positive,1
_BcWyKQL16ndpBdggh2kNA,3,0,"This is one of the best automotive dealerships in D-town - and it shouldn't be. We've been going there for years. Their service and value remains the same. We always enjoyed their great sales and service. They were my first choice for many years. Typically a good vehicle takes 5 years for a full rebuild, including diagnostic work. The dealership is absolutely spot on with everything they do.",positive,1
_BcWyKQL16ndpBdggh2kNA,3,0,"I visited TGI Friday night on Wednesday. I've only been to some benihanas - and they are all very dated in places. But I do not recall any of the quality from the last three visits. I did not like my chicken teriyaki. The teriyaki was a little over-priced and had to be topped with edamame, which was dry and This is the only reason I stayed to check out the tuna and salmon - but I'd like to share my moms opinion. No one came and asked for our ID and we left. She declined the $2.50 Sushi - so there was no sushi - so she ordered an ""Emiyaki"". I had to take one bite (and the server was irritated and asked to wait for more) and did not feel like giving it to her. Not a happy camper. No way.. not even a single mouthful.",positive,1
_BcWyKQL16ndpBdggh2kNA,5,0,"I like that Avenida Dona Florinda (with its name changed to San Martn) is on the same street as both La I have been wanting to try this place for a while. It's Xo-Fun and Xo-Nice! The food is Xo-fresh and the coffee is fresh. I recommend the hot soup which is perfect with the rice which is just perfect. We are so Xo-happy to be here for dinner. I've been told that the cocktails are really good, and that there are some amazing dishes too. You'll be able to make a small batch at home but if any of the tourists (and you), start drinking alcohol right here, you",positive,1
_BcWyKQL16ndpBdggh2kNA,3,0,"It's an interesting place. Because the only way to get here is to walk in. I keep my daugheter safe (which sometimes does get to be a little bit unnerving). There are so many good neighbors because the only person I know from that experience is Tony who has all these sweet yellow cars (mostly he has them). And even the black & white station bus cop is friendly. So I know the driver for the McDonalds on the outskirts of town. Their kids are always so well behaved. She is wonderful.. They are great at their job and it takes that special something for me to be able to talk to them about our little ones. So, I call them ""pretty girl"" to if anything happens. Now that the two dogs can walk and be seen, we can't remember the phone, but the lady, the bartender and bus driver are the She is also very kind. Whether she remembers who she was, what happened next, or is just plain cute is the fun she gives me.",positive,1
_BcWyKQL16ndpBdggh2kNA,4,0,"I went to this location on Wednesday and I had to run mine to the main line. Not great experience, but I was happy with my job. It came up clean. I only saw one worker after that. Overall, it was well worth going!",positive,1
_BcWyKQL16ndpBdggh2kNA,4,0,"Home goods store in Chicago has a great selection of products (mostly bulk) but has unique things for kids. But if you don't mind paying full cover, it's a good place for kids. Look into the baby section. Just the thought of a sweet and tasty treat makes their sweet tooth happy. I also love the ""candy section"" with their ""Put a Bundle in It"" items where you can find chocolate (s and if you are willing to spend some extra money, there are so many unique items that you might find a gift for your daughter. I had just been to a similar market on a previous trip and my kids love it.",positive,1
_BcWyKQL16ndpBdggh2kNA,4,0,"I rarely go to the Sephora, so I keep my makeup purchases in my closet until I have to restock. Ulta, however, has my favorite skin treatment location. MMK is awesome, not in terms of service time to date, but about the range size range - I like the eye creams, bronzer It has been a while since I purchased a couple new'must have' products. Selected, but I tend to get away with more. It's still a fun place to shop. The msonal-a-shroom-shampoo and their MAC liquid lip balm, and - of course - the",positive,1
_BcWyKQL16ndpBdggh2kNA,4,0,The only alternative to the food trucks we were to travel to was leaving to enjoy the local restaurant. Would like to find the same with hot sauce.,positive,1
_BcWyKQL16ndpBdggh2kNA,3,0,"We came for dinner - very impressed by the staff. and manager came by and introduced himself. I had a great selection of rolls - all delicious - and the price was appropriate. Our menu was a huge block - for just $15. We ordered maki and maki roll combos. There was no sauce and a small portion of it wasn't fresh enough. No salmon or albacore - but no tuna. We asked for the ""kikki"" roll instead (or maki roll), as we would get a roll from our local Sushi spot. A bit ""funny"" - very few people at this place - which is an odd thing to eat at when bringing 2 people I like that there is always a mix of new and old stuff, as often as not. If you buy a trio - you will spend about $17 (no other way to do it. We ordered a salad, but it was $4.50. For me, this was the most disappointing restaurant in Philly.",positive,1
_BcWyKQL16ndpBdggh2kNA,2,0,"I don't usually write about restaurants - but this one had me sobbing. I am writing as a result of a weekend dinner with my girlfriend and a colleague of mine. This was an attempt to keep my palate (and our waistline) happy. We waited for about 10 minutes until our server came out on the front end and asked us to sit in the ""front area"". In fact - it made the meal a whole lot better. All of the menu is dated and the decor barely gets any recognition. We then received our drink orders. Well, first he takes our drink order, then he gives us a taste of salsa (very poor) and then another taste of salsa. And we were not alone and, no thanks, we got cold soup - which was just the starting point of the Mexican ""salsa"" s But since the salsa was not fresh and was re-heated, it had a mild, smoky flavor to it - I So we receive chips and salsa - and more chips! At some point a ""busy"" server arrives with ""slightly fresh"" chips and salsa - as soon as I start the chips and salsa I ordered a burrito. The first thing we get is our filet of American Beef. It was huge! YUM! I'm not sure that I'm going to get enough fat on this. And yes - thick and tender. It's a bit expensive but it will feed a pack of dogs! What I expected from T.O is to see a squeeze bottle of sauce - and a small bottles of hot and sweet sauce. At our table my waiter comes to take my drink order. The sauce is hot and heavy with a strong flavor like ranch (this is why I am eating the burritos). Is it the same sauce as the one I am taking from the kitchen? After a minute it begins to crackle and I can see an orange mello rita on my plate. Oh my goodness.. This is just plain delicious! There is no sauce - no meat left! This was after 15 minutes, and on the 16th (forgot to say, 15 minutes later) they take an order from someone else - another person My poor snickers were gone! The food was good - so we're going home for now.... We were standing here in the restaurant - eating - looking at the menu - thinking, ""Okay, I'll order a bottle of",negative,0
_BcWyKQL16ndpBdggh2kNA,4,0,"A while back my wife and I went to Tequila El Diablo. This was my first good experience at the Taco Bell Qdoba and was my first experience with the food/service there since they opened in 2013. The ""bad"" had moved to the right place, but a few things really made it better. Great prices!!I am just surprised at the quality I was treated to at this Qdoba! The staff seemed to enjoy the meal and so did the kids. Their prices are great and they're friendly. I just wish they could take their ""glorification"" and put it out there in the open! My friend is getting her hair done! I highly recommend it to anyone who is looking for great Mexican, Mexican burritos, or Mexican food for take out!",positive,1
_BcWyKQL16ndpBdggh2kNA,4,0,stayed here on business in June 2011. It does not have a 'cafe jogging' area - for a coffee shop - but it does offer great customer I never made a purchase here unless I was the local. We recently had my first coffee and it was delicious. Definitely going back!,positive,1
_BcWyKQL16ndpBdggh2kNA,3,0,"We called in for the day. It's a fast-food location and if you want a great cup of coffee, you will have to drive to one of those chains, They had some conversation on the phone (about coffee) but I can't find that conversation anywhere online. I was left with the same ""fun little mug"" with ""just me"", the same cup with ""a little something sweet"" on top, "" Went to get a latte and it was good enough. Nice store if you're in a rush. Definately not good value for a Starbucks experience.",positive,1
_BcWyKQL16ndpBdggh2kNA,3,0,A.) It's a wacky food place. The menu was too large and I only had 6 plates. I think I ordered too much pasta because the green beans were thrown in a sauce that tasted like cream cheese sauce. I enjoyed the cheese (but we ordered the meat) with rice. Then all she could say was...wow.,positive,1
_BcWyKQL16ndpBdggh2kNA,3,0,"We applied for a membership for our van. I went to the website to view an upcoming offer for 4 weeks only, and it was $27+ for 4 visits. We'll see if we need a lot more in future due to the nature of the service and the rates available. I am quite satisfied with this experience and I recommend their services.",positive,1
_BcWyKQL16ndpBdggh2kNA,4,0,"Very convenient and easy for me to get to work during the day, and the parking lot is easy to access. I've read the reviews... a lot of things are open and I get to spend a little less. At night, the stores are well lit and the employees are welcoming and knowledgeable. Can't beat it. Easily one of the busiest places in town and a quick weekend stop when you don't feel like driving. But, overall, there's a good selection of stores with huge selections - including some discount stores like CVS and WalMart. And if you want to see my shopping list, come to this location in the Village of Alamo, Ohio. It's an easy 3 minute walk to Target.",positive,1
_BcWyKQL16ndpBdggh2kNA,4,0,"I've been trying to find a great place for pie, but this one takes the cake. My favorite is the chocolate lava cake (one in a cone). So have you had the ice cream here? And ice cream. They serve both coffee and dessert (as well as hot drink). This place's been in their current building and we're so glad we were able to go during winter that year.",positive,1
_BcWyKQL16ndpBdggh2kNA,5,0,"You can order online through their Facebook Page or Instagram. The fresh-picked corn and radishes are delicious and ripe, so this place is an easy place to get a bite. A lovely place to spend a summer day with your family, or to take a date in the bar with some friends.",positive,1
_BcWyKQL16ndpBdggh2kNA,2,0,"Leotards are small and they're very expensive. Customer service (bad and crappy) - 5 stars. Worst customer service ever here, always. I got an attitude when I asked to speak to an associate. I then started buying one of her outfits and had a run-in with the ""manager"" and started trying to get her attention. Then the ""we only get 1 person out of every 1% of customers"" thing kicked in and the lady was in the middle of it. Although it's just a ""shopper, not cash"" place, there is a ton of stuff to choose from. That's the way you want it to be! VERY selection at great prices. Price was affordable, selection was great and everything was well-organized. But, for me - I feel like a little dancer! !It's a bit crappy.",negative,0
_BcWyKQL16ndpBdggh2kNA,4,0,"I've always had a hard time finding this place on campus. They were a gas station, food court, toy store, and many other types. It has been the only one to maintain the level of pricing consistent between pump and pumper. In the summer, the weather improve but still very hot.",positive,1
_BcWyKQL16ndpBdggh2kNA,4,0,"So I was very excited about the new wings at Red Wing, they were really good! I was there today to celebrate an 11th birthday. There are alot of great restaurants on Vine, but this place is an excellent treat. It's a great place to go. YES I AM GOING! Wings to Go. Want a chickenburger? Then you know the place. So get 'em!",positive,1
_BcWyKQL16ndpBdggh2kNA,1,0,"I had been searching for a place to go for over a month. Even though I was able to remove the email, I still received emails from the same person that never replied. Even though I only ordered the chicken entree and she notified me to cancel it.",negative,0
_BcWyKQL16ndpBdggh2kNA,3,0,"There's just too many things going on. But with good friends and our fam, we will probably go there more often. It's not as bad as in previous years. I think I will go back to the store.",positive,1
_BcWyKQL16ndpBdggh2kNA,2,0,"Not sure why we came here. I love to visit Szechuan and this place is nothing less than the best of the best, but it was a mismatch. Most of the table around us were sitting on one side. All sides are pretty bad. Soggy, even though they label it ""cheap"" for Szechuan. Food served in small plastic containers with glass containers. We never get in to try anything at this place. So far we have not been able to go back because of the high prices and the poor quality of the food.",negative,0
_BcWyKQL16ndpBdggh2kNA,4,0,"I'd go to Mama's but the food is in my neighborhood. This cart has more pockets and does have a smaller capacity - but it is a lot less expensive - at about the same price or cheaper than Great atmosphere, friendly staff.",positive,1
_BcWyKQL16ndpBdggh2kNA,5,0,"I went to this store for a checkup last week (unrelatedly, today's went great). She's super quick! , was so pleasant and efficient. And I talked to A.S.I.M. and her beautiful staff. She was on top of thougth and really took care of me. And for the first time ever, my new tooth is growing and growing! Also a great place for a gynecologist.",positive,1
_BcWyKQL16ndpBdggh2kNA,5,0,"SEEK YOUR TEETH SAVE! It's pretty much done in a single visit with Ruth who has a special skill of referring to different women's faces using natural products and Very good experience.Didn't forget to mention that they gave me some great tainted water, so you can drink a !???????????????",positive,1
_BcWyKQL16ndpBdggh2kNA,4,0,"The owner was very nice and has a healthy menu of items to choose from. This is best on weekend nights, which is good, because I was in a restaurant whose patrons were extremely friendly. With a full bar and TVs at every table. There's not much variety, no desserts, but a lot of fun.",positive,1
_BcWyKQL16ndpBdggh2kNA,4,0,"This is a good alternative. I love it!. I love her and the place. You can order in (or take a order out) and even get a coffee in or a salad. Also, friendly server. The drinks are awesome. I got three of my three favorite dishes to share with my friend and it was excellent. I used the lemonade to keep from spilling ice.) Her coffee was sweet, sour and just delicious. Some of his apps were also mouth-watering. I ordered the Greek Salad with Olives and Olive Oil and tomatoes. The starter was delicious, but I didn't like the adriya. The Dolmades were actually a bit more crusty - not much better than a tomato with the dolmade seasoning - but They were delicious and came packed with fruity fillings and a dash of cheese (oh, and a few almonds). It was also very good to try the samosa salad - a big salad without crust. We also had the baklava. We also had the Tacos and Salsa. Overall, an excellent lunch and a perfect spot for an outing. Best of all, the food was actually very reasonably priced for lunch and they had some great deals on soups that's something I always look forward to. Please note that there is a cashier station if you need to pay with your credit card.",positive,1
_BcWyKQL16ndpBdggh2kNA,3,0,"Went into Friendlys yesterday to get a burger. I'm not a fan of this burger joint, as I've had better. This one was just ok. The portions are huge and the food, the portions are small - and the prices are out of the question. If we were to have to make a late reservation - the food would be delivered AFTER the order was placed. I was given a ""free menu"" - that included one ""blank salad"". We waited about 10 minutes between orders - and then even longer for the other people to take back the next order. We both said it was good though. Love Friendly's!",positive,1
_BcWyKQL16ndpBdggh2kNA,4,0,"I went to a group exercise class today while I was in the park - I liked it so much that I was able to have a free I have to say, after starting with 2 sessions of Zumba...very brisk - very challenging - surprisingly easy. I particularly enjoy the workouts because they are extremely challenging. There's also free Zumba classes in the fitness center. Since I am retired from a fitness center, my exercise regime is far more varied. I would highly recommend to anyone!",positive,1
_BcWyKQL16ndpBdggh2kNA,4,0,"They have officially come to life as of Nov 10th here at Weaver's Farm and Market. The food is very fresh and is very consistent - and the prices are fair, although a bit over priced and not very consistent. They produce fresh produce, including blueberries, apples, grapes, blueberries and beets - plus you get an amazing selection of soups I was even happier that the location is within their 5 day business calendar! YAY!!. !!",positive,1
_BcWyKQL16ndpBdggh2kNA,4,0,"I love this place! The chicken fettuccine and mushroom pesto pizza are also really good and also quick to make. I tried the pizza - and guacamole was delicious. I love being able to go on a short lunch walk with food that is great, the atmosphere is bright and lovely (eventual noise for the I went to Pizza Express on two occasions - once to pick up and get a drink and another time to help my friend prepare a fresh salad for It has been good food, and they have a good atmosphere (especially if you like Italian restaurants). I had the cheeseburger with ranch on the plate (too good!!!) I have never had a bad meal here. There is also a pizza oven for a quick lunch. Good place with a good pasta menu. I won't be stopping by often.",positive,1
_BcWyKQL16ndpBdggh2kNA,4,0,"We decided to go to Giant last night and I'm glad we did. Fast delivery!.. Good price point, food was good, service excellent, prices were fair.",positive,1
_BcWyKQL16ndpBdggh2kNA,5,0,I have lived in Hong Kong for over a decade - and this is definitely my favorite city in Asia for a variety of reasons. There is Chinese food - and Chinese dishes - everywhere. And we have numerous beautiful buildings - including the stunning Chinatown Hall on the 6th Street! There are many interesting shops and galleries too. I would say there are many opportunities to see great things - and so many wonderful people.,positive,1
_BcWyKQL16ndpBdggh2kNA,5,0,"My favorite dish to grill it on is: ""Gilled Salmon"" (which I did make after learning the recipe for Grilled Salmon from Sara. During the event I received: a package containing 1 lbs worth of salmon. packages and you can try them any way you like! And I thought that would be perfect for lunch or dinner. 1 cup of olive olive oil 1 tsp. jar of Kool-Aid A few tsp. Lemon Balsamic Vinegar Stir all of this together well. Rinse under cool running water with cool water and pat dry. When not yet ready to grill or bake, grill, broil and fry! Cook the salmon for 3-4 minutes to brown on both sides (I used a meat thermometer for the final score). As you cook, flip the fish over and grill the other side for an additional 3-4 minutes, or until grill marks form. Yummy!- You could also use butter, or use plain olive oil (I used olive oil!). I had to add some breadcrumbs so my guest could help herself and could make fun of me (I love bread) She was so great and I got to My family adored it - but was a bit disappointed by the salt.",positive,1
_BcWyKQL16ndpBdggh2kNA,2,0,"We live in the East End and were very excited to see ""Oooo"" again! We grew up in Japan. The steak was over cooked and it was extremely salty. The salmon was under cooked in some parts - definitely not fresh salmon. Not really a fan of all the fish, but this seafood is taste-less. This was certainly not a complaint. Mike has the most enthusiastic attitude when it comes to serving. We can't wait to go to The Grand Cafe. :) Also, I think Mike is a pretty bad restaurant manager. The food was very good, but this was by far the worst tasting one I have ever had. I guess it's true enough because this might actually be the reason I frequent the restaurant.",negative,0
_BcWyKQL16ndpBdggh2kNA,5,0,"The coffee they sell at La Colombe will serve as a perfect gift to our future friends. The previous coffee chain (Rex cafe), didn't have anything - or time, to make this happen, so we asked him here. They couldn't come out to our wedding, and because they didn't have the time. We wanted to pay for individual packages only, and La Colombe couldn't accommodate us, too. By buying from La Colombe, we got both a wonderful, fast-service AND a great price. La Colombe came through on time too. - We went to La Colombe to buy the coffee boxes and cream, but when we went to the store, there wasn't any Cream  Each pouch is individually wrapped for 2 weeks, and the box is sterile. Our guest list loved their packets of coffe too.",positive,1
_BcWyKQL16ndpBdggh2kNA,4,0,"The Greek restaurants in Portland are excellent and this place is no exception. The Mediterranean-inspired cuisine is simply superb. The starter came (Small $8); a simple cucumber and tomato salad ($10). Our waiter brought the chicken with a side of marinated, fresh garlic scapes. We both ate all of them, and the dressing was delicious. I could make everything better but this was by far the best. Just the right amount of freshness. Now, the main course followed. The couscous was so sweet - a perfect summer side dish - I could have ate whole bunches! The next item was the fish pot pie! It was delicious - just like the photos. It was so tasty! When re-roasted, it is tender and moist. I've been searching for the recipe for this all throughout the summer and this is the PERFECT combination of vegetables. We then ate an unsweetened, light berry cocktail made from a combination of sparkling water and vodka. It was lovely and didn't quite leave my mouth. The flaky and soft baklava with the honey-drenched semolina cake served on a warm Turkish bread. It tasted like the sugar on my shortbread dough actually came off. They were so good! We all had to share. We also ordered the Amos - Greek wine - house wine ($3 each). After all this, we just had to re-check out the bar. This is the kind of place where you feel right at home in any situation - I also felt that our server was the perfect mix of sweet and spicy. And a good reason to go to a great restaurant. If you're nearby - please stop by and visit. My friends & I will be back.",positive,1
_BcWyKQL16ndpBdggh2kNA,4,0,"I've been stopping by this place for years now. There is some variety in the dark teas and black teas, ranging from a very light black to a very dark and rich green. The teas are great, the prices are less than normal and there is a great selection. They even have great tea from around the world, like Japanese Green, which I know I love. The iced greens were delicious, just like the ones that you get at Earl Grey. The food is fresh and all the menu is a must visit. Also great prices (free parking) on both Sundays.",positive,1
_BcWyKQL16ndpBdggh2kNA,5,0,"...I'm sooo... Don't be afraid. I had the pleasure of eating at DAN STERNS on an early Saturday night. This is a very short review - it was an unisex event but I did not have tickets. On the menu we ordered ""tame"" and ""fried"". Love it, love it, love it! My partner was extremely delighted with his veal - and she was too! There were lots of beautiful details. I have the highest regard, however, for the decor. Our waiter explained the menu very well. We noticed that our server was taking note of things and was quickly bringing it over to our table. He was very friendly and it was such a pleasure to spend a night with him. He was not only incredibly nice about it, but incredibly patient even when there was a waiter standing in front of us to check on us while The line was extremely long - so we ordered a veal bowl. The third ordered a salad. YUM!!) and the black olive tartare (served in a thick olive mix with some fresh herbs. The desserts were great but the service was terrible. Afterwards our friend was told he would be the sole guest (and a very expensive one) and the dinner started (and we had not been I asked our waiter the same: ""do you want to try the Veal?"" He started on the steak and sauce. So the waiter began to chat up her food (also in a very cold Italian dialect) and admonished us to eat - He was still starving after our entrees were brought out. And that really was just a rant. It was DELICIOUS. That's what you put on your menu! It was beautiful. No complaints. And the dessert was a little sticky from the sauce that the server had given us and - no, I did not have to do some more of the And then we sat there and sat there. Also, the wine list is huge - so, I believe there are a million people in the restaurant who want to make wines like this/this. We left immediately, sat together waiting for our server or bus. And there was NO RUDE Service at all. And they brought out 2 items (including the bread) before it got cold. Our waiter had to get up and try to get the ""reserve"" ticket back and again. I would recommend R2L to those with low food reviews. If you are looking for good, authentic Vietnamese food - I highly recommend you go to the Asian & Caribbean food store: http://www.asian And even though the service snafu was completely avoidable, the food was delicious:) One word of warning if you have had  So, so good. It was a really nice dinner out. If you want to go for a full night dinner. The whole meal came out perfect but the waiter's bad habit in taking our notecards was probably only for a few minutes (he was never I'll admit, if I lived in New York, I'd take the subway and drive to work for that. And after one drink we were like..?"" We got up early in the morning and, to my surprise - got there AFTER all and made it to our table in less than 20 minutes. Then we ordered ""fish"" that was just ""ok"" but ""not enough to kill the appetite"" and our meals were ate. The venison was not tender or good - just fine. Don't believe the bad reviews, but the food is delicious enough to have your 2 hour waiter to talk you down! You guys are awesome (and forgivable - like I said, you make your Mamas proud). I can't let it keep me from sharing a glorified meal with you. It was simply amazing. So for those who are looking for a great culinary experience in NY City - R2L is tops. And all of this with no server (and 2 incredibly expensive ones). I hope you had a wonderful meal. The veal - a bit soggy but still yummy inside - the venison was fatty and had a great flavor,  And the fish was also delicious. So that is it. Fortunately, we had an absolutely fabulous time at R2L. You have the omgoogteest food for the most amount of money possible. We felt safe but the restaurant looked extremely clean and inviting. So they must be really patient (and wait staff is really great) with customers - who we are not sure are even on a regular timetable  I'm guessing for the price of the meal the ""feast"" was a good value. So far - we have not experienced the quality and variety the place offers, but we shall return.",positive,1
_BcWyKQL16ndpBdggh2kNA,1,0,"Not coming back.Two times in two weeks. I visited this store twice now. I waited about 20 minutes each time, then drove around to the store (but never returned). I said, ""OK, I needed 2 or 3 of those, but it's too expensive."" I took a look at prices and this was the final price. This time he said nothing. I told the manager that I didn't want to wait any longer and he said that it's just a waste of time trying to get back Just left.. Not sad. I don't know if they'll continue, but they have decided to close it. Not at all disappointed. Good luck!The Mexican sandwich on the way out is great.",negative,0
_BcWyKQL16ndpBdggh2kNA,4,0,"We took our daughter to the Bucks County Fair and we were so excited to see this! After my 2 year old he had asked us to go on his first scuba dive and we told him he has to go on a boat The only way you ever get to see the actual city itself on this kind of thing was on one of the Duck Boat Tours that takes place every May and We arrived at Philly City Hall where the duck boats were. We took our ticket to ride the quackers along the river around the center of the city. We enjoyed watching the duck boat cruise from our first car in the back yard of my parents house. The crew was polite and friendly - and I was convinced by the price to try this. It was also a very good experience if you're looking to add a little ""catch-up time"" to your summer. It is a cheap way to visit Philadelphia!",positive,1
_BcWyKQL16ndpBdggh2kNA,4,0,"I stopped in here with my daughter today to get a bit of some high-end fashion clothing. And if you haven't thought of trying it yet, this is exactly what you should do. The website is on their new site, but is a good start up for some new customers. Shoes range from $65 - $100 with styles from Brooks Brothers, Lola Cruz and many others. There are a lot of stores open during the day but the earliest opening is in the late afternoon.",positive,1
_BcWyKQL16ndpBdggh2kNA,2,0,"I have been shopping all around the city for over 5 years and this is the worst place I have ever been. Not good.Meh. Food is Unbeatable. I purchased items as soon as I walk in. The burgers you order are very cold. Food is TERRIBLE! Don't even know. I would suggest that they stop by the store and work a job. Somehow my cashes and purchases are left there. WTF.. Why should a place like this become a grocery store to start with? I was the only person who didn't get lost, but the shop is pretty empty. ZERO fresh produce at all. I am so disappointed... SAD!.. If this is where you live or the only grocery store on Main Street, than I'm going to give them 1+ stars - and the first one",negative,0
_BcWyKQL16ndpBdggh2kNA,4,0,"Went to this party, where the squeegee isn't a teddy bear, and the bartender is Here's a recipe for fried potatoes that's very close to the real thing. Go ahead and order some. A little bit of stuffing. The tables are funky and a little odd, but not a lot. We are scheming to make a night club out of the space. What else we could want?",positive,1
_BcWyKQL16ndpBdggh2kNA,4,0,"I love this garlic - garlic from Spice Corner is one of the best I've found in Cambridge. I bought the lemon pepper blend from Salt & Pepper. Nice store (with better parking) - but definitely not a cheap substitute for Penzey's. I tried the new garlic, which was tasty and the garlic was pretty good. I bought a bag of pickles too.",positive,1
_BcWyKQL16ndpBdggh2kNA,4,0,"My Dog Eats: Good food for us, good prices. I would never recommend it to someone who's a budget-constrained consumer (my girlfriend did if I ate the itty bitty Luckily there is an employee in their store with a really nice pet (here's my dog with a terrier named Bambi). You can find a very nice selection of treats, toys, chew toys, bones... They have an extensive selection that I will pass over. The dogs are very polite - I find some owners in their 20's or 30's muttering to themselves. Also, there is a dog bathing service. The grooming lady seems to have a problem handling large dogs. It's a great price-point (but the service is probably terrible.) Some other places will wash your dog. The whole store is really cute and clean. That would probably be nice too since there is no outdoor play area for dogs with small backs such as mine.",positive,1
_BcWyKQL16ndpBdggh2kNA,4,0,"Went to this place a few weeks ago. The sides are fresh and good made on hand by the owner. Got a cheeseburger, with lettuce, tomatoes, a huge pickle and just the right amount of onions. In addition to the great burgers, they also serve beer, and the wine selection, is very good. I used to order this dish but found that I ate the whole plate! Oh well. Next time I go to LA the first time, I'll order a burger!",positive,1
_BcWyKQL16ndpBdggh2kNA,4,0,"I was a bit confused and took a while to get our table. The food was good but still just not great at any price. They were kind of full and had the entire Thai menu on the menu. My main meals were a few chicken korma (which were a little dry), chicken noodle soup, and peanut sauce. You can't see the green beans in the picture but I think the green beans were fresh. I just wasn't much of a fan of the chicken wings. The soup was good. I had to wait 30 minutes to get the bowls of soup... I had some kind of Thai disaster at the restaurants in the area, but that just kind of goes with the neighborhood. The one in the center of the city used to be good at its peak (almost full... ), but I would prefer something more authentic (south Asian, in my opinion, based on my experience with Thai restaurants). Not sure if they are in the same building, but it isn't. I will say this: I would take a few minutes to go into each, and the prices are reasonable. The one in Bethlehem. In fact, my family has visited the Little Thai several times, and we decided to come here yesterday for a late lunch.  Absolutely spot-on. It is just a short walk from I-77 (the traffic is ok), so walk-ins are always welcome. They were also friendly and helpful. So if you are looking for a great Thai spot in Philly/Middlesex - check it out as you will not be disappointed I had a lot of problems with the server who backed out after just a few few minutes when I was asking for tom Kha to get back",positive,1
_BcWyKQL16ndpBdggh2kNA,5,0,"We rescued her from her expensive dance classes and found her at DanceLine! I had heard nice things about this great store from a friend and thought it would be a good place for kids to shop. I had been in search for a good dance studio in the Los Angeles area...the dance world really needs little Dance Line's in LV. Our son found an excellent selection at Dancewear (French). Whether you are a seasoned professional or a first-time parent, dancers and scouts alike will be impressed. They helped make it easy!",positive,1
_BcWyKQL16ndpBdggh2kNA,3,0,"Icework is a small outdoor arena. It is rated a 5 star facility by the USFA. Skating instructor not pleasant and always takes you to the wrong rink. Many more left waiting as of 2011 due to issues with power at the facility. Skate instructors are very helpful and friendly. Some good people.You can always see some great sportsmen here. They were the home of figure skater, Steve Broughton. I was impressed.Never did try out to try figure skating.",positive,1
_BcWyKQL16ndpBdggh2kNA,4,0,Fast and easy. Clean and large parking lot with lots of room. Store has a pretty good selection of furniture. No complaint.Sure to catch the bus home. Great for convenience!Hacky parking for locals!,positive,1
_BcWyKQL16ndpBdggh2kNA,5,0,"I bought the two flavors with these pictures, cream cheese (from Lulu, I've gotten too little from Trader Joe's-- and I ordered my first mozzarella (done in Italy, oh how they have to work out their system) - that I had never really noticed My first thought was Burrata, but I had heard this is the only mozzarella there. Good news..I really enjoyed it. I'm already drenched! Love cheese, but always miss guacamole (it's almost too sweet!).",positive,1
_BcWyKQL16ndpBdggh2kNA,3,0,"i’ve been to Saladworks only twice, last time at the new location. No salads on special Tuesdays. It's a good service on average. Not enough of a space but I get it.",positive,1
_BcWyKQL16ndpBdggh2kNA,1,0,"As a restaurant, I'm generally not one to come late. I made a mistake. Almost 3 years ago I had planned to go to Cosi. It was 2 a.m on Tuesday, and they went dark for nearly an hour since they were closed. The waitress was oblivious, and acted incredibly like she couldn't help me. After waiting an hour, I decided to just eat it and have them pack in the fries. Then I scanned the menu and realized it had been served right there; it tasted like a cheap can of Pepsi. I shoulda known better. My friends called to let me know, but I told them they had gone to the restaurant without warning before and the wait almost WAS worth it. The waiter seemed to think it was a bad day! Thanks for reminding me.",negative,0
_BcWyKQL16ndpBdggh2kNA,3,0,"The little bit of grit and time in order to find this tiny, old asian sushi restaurant was invaluable. Good food. The decor, atmosphere et.al. has arrived, and I am already on the phone with an idea of what to order to go while dining out. I came here on a Thursday night (and I've never been seated there before. We came back and decided not to go back on another Tuesday after 11 PM! The rest was pretty good but this wasn't good.) What we had all day was really good, although I was feeling quite underwhelmed. They use rice in the dish that is then plated fresh in front of you! The veal tilapia shumai (with a very generous amount of seared scallops on the side) I ordered. And there's a section that serves hot and cooled sauces...along with steamed shrimp, green beans, vegetables... etc. but in the same sense I find the roll too hot for my taste.... In between I get a little chicken fried rice which is pretty good. Service was wonderful but definitely not great--too many of the tables were just busy and occupied.",positive,1
_BcWyKQL16ndpBdggh2kNA,4,0,I went here today to get my wedding invitations made. She made everything so easy for us. We have visited here a number of times and they do what they can to please. I will definitely shop there again when it comes to getting invitations. We were able to get our Wedding invitations - with the very best quality. Papyrus really does do great - a lot too! I also had good experience browsing the store. Papyrus is awesome.,positive,1
_BcWyKQL16ndpBdggh2kNA,2,0,":) Oh, I also ate there again - and again, and again. Not that bad.I was about half-way through my lunch in Seattle with one of my friends - and we decided to get a Maki roll Don't let the little itty bitty burgers with mayo get you down. I was in the mood for just sashimi (which was NOT on the menu) - so I ordered a set menu that was quite fill I can't remember her name but she was a great girl - kind of took her time and didn't get mad at me when it wasn - however - the restaurant has a good variety of food - so everything you order comes with some kind of salad (but not the one I and also at no extra charge - so I figured ""I'll pay a premium"" would be a good idea to keep me from finishing A couple of the rolls had NO sauce (but also there were a lot (YAY!) mayo on one roll. The Salmon rice roll was ok but kinda mushy and only had one piece of Salmon - which was fine overall. I had the lemon chicken salad - the bread is kinda tough - but the mayo blobs were delicious. The sushi was good - very fresh and flavorful - but I feel like there is way too much Kewpie Mayo in it. They also served me uni on a stick for $2.89 - not good. One is better than the others. They only charge $8. If you are a maki snob, avoid this place. Nope.It's too expensive here and I am pretty sure the same thing would sell in a more expensive hulo or Asian  Nope.. No go. For now.. I'll take the kabuki - or at least a hot-cold one.",negative,0
_BcWyKQL16ndpBdggh2kNA,3,0,This was my first time here and I absolutely enjoyed it. We had a burger here for her 3rd birthday this past March so I was expecting it to be a different experience. We also had a burger with a bun on the side - a little too long. I'm still waiting for our new boarding house.,positive,1
_BcWyKQL16ndpBdggh2kNA,2,0,"This was Sunday and i went to Golden Chopstick in the short line. Upon standing in line, I ordered a chicken nugget. Not sure if I'd be back to try the chicken fried rice or the fish. I'm not arguing to be nice - this is my dietary regimen. The rice was dry. TERRIBLE!! Some were cold (which I have no regrets about). Went there after lunch. That's about about all I wanted from it. At least not the ""highlight"" lunch special. If it had been a better experience - I would have gone there again - but I'd be willing to go to anotherplace. I'll have to take my business elsewhere.",negative,0
_BcWyKQL16ndpBdggh2kNA,5,0,"I took my 3rd class at Fuel House, and have been in Zumba all my life. Initially I signed up to try the Zumba classes (which do take place in the parking lot on Sunday mornings) but as I have been attending on And even though I think I have been able to drop off and pick up at one time for a week in the new facility my kids love it!) I love it, too! We are doing an awesome job - I can't believe we were able to do this! There's no comparison.",positive,1