id,text
lorem_1,"Lorem ipsum dolor sit amet, consectetuer adipiscing elit."
lorem_2,Aenean commodo ligula eget dolor. Aenean massa.
lorem_3,"Cum sociis natoque penatibus et magnis dis parturient montes, nascetur ridiculus mus."
lorem_4,"Donec quam felis, ultricies nec, pellentesque eu, pretium quis, sem."
lorem_5,Nulla consequat massa quis enim.
lorem_6,"Donec pede justo, fringilla vel, aliquet nec, vulputate eget, arcu."
lorem_7,"In enim justo, rhoncus ut, imperdiet a, venenatis vitae, justo."
lorem_8,Nullam dictum felis eu pede mollis pretium. Integer tincidunt.
lorem_9,Cras dapibus. Vivamus elementum semper nisi.
lorem_10,Aenean vulputate eleifend tellus.
lorem_11,"Aenean leo ligula, porttitor eu, consequat vitae, eleifend ac, enim."
lorem_12,"Aliquam lorem ante, dapibus in, viverra quis, feugiat a, tellus."
lorem_13,Phasellus viverra nulla ut metus varius laoreet. Quisque rutrum.
lorem_14,Aenean imperdiet. Etiam ultricies nisi vel augue.
lorem_15,Curabitur ullamcorper ultricies nisi. Nam eget dui. Etiam rhoncus.
lorem_16,"Maecenas tempus, tellus eget condimentum rhoncus, sem quam semper libero, sit amet adipiscing sem neque sed ipsum."
lorem_17,"Nam quam nunc, blandit vel, luctus pulvinar, hendrerit id, lorem."
lorem_18,Maecenas nec odio et ante tincidunt tempus.
lorem_19,Donec vitae sapien ut libero venenatis faucibus. Nullam quis ante.
lorem_20,Etiam sit amet orci eget eros faucibus tincidunt. Duis leo.
lorem_21,Sed fringilla mauris sit amet nibh. Donec sodales sagittis magna.
lorem_22,"Sed consequat, leo eget bibendum sodales, augue velit cursus nunc, quis gravida magna mi a libero."
lorem_23,Fusce vulputate eleifend sapien.
lorem_24,"Vestibulum purus quam, scelerisque ut, mollis sed, nonummy id, metus."
lorem_25,Nullam accumsan lorem in dui.
lorem_26,Cras ultricies mi eu turpis hendrerit fringilla.
lorem_27,Vestibulum ante ipsum primis in faucibus orci luctus et ultrices posuere cubilia Curae; In ac dui quis mi consectetuer lacinia.
lorem_28,Nam pretium turpis et arcu.
lorem_29,"Duis arcu tortor, suscipit eget, imperdiet nec, imperdiet iaculis, ipsum."
lorem_30,Sed aliquam ultrices mauris.
lorem_31,"Integer ante arcu, accumsan a, consectetuer eget, posuere ut, mauris."
lorem_32,Praesent adipiscing. Phasellus ullamcorper ipsum rutrum nunc.
lorem_33,Nunc nonummy metus. Vestibulum volutpat pretium libero. Cras id dui.
lorem_34,Aenean ut eros et nisl sagittis vestibulum.
lorem_35,"Nullam nulla eros, ultricies sit amet, nonummy id, imperdiet feugiat, pede."
lorem_36,Sed lectus. Donec mollis hendrerit risus.
lorem_37,Phasellus nec sem in justo pellentesque facilisis.
lorem_38,Etiam imperdiet imperdiet orci. Nunc nec neque.
lorem_39,"Phasellus leo dolor, tempus non, auctor et, hendrerit quis, nisi."
lorem_40,"Curabitur ligula sapien, tincidunt non, euismod vitae, posuere imperdiet, leo."
lorem_41,Maecenas malesuada. Praesent congue erat at massa.
lorem_42,Sed cursus turpis vitae tortor. Donec posuere vulputate arcu.
lorem_43,Phasellus accumsan cursus velit.
lorem_44,"Vestibulum ante ipsum primis in faucibus orci luctus et ultrices posuere cubilia Curae; Sed aliquam, nisi quis porttitor congue, elit erat euismod orci, ac placerat dolor lectus quis orci."
lorem_45,Phasellus consectetuer vestibulum elit.
lorem_46,"Aenean tellus metus, bibendum sed, posuere ac, mattis non, nunc."
lorem_47,Vestibulum fringilla pede sit amet augue. In turpis. Pellentesque posuere.
lorem_48,Praesent turpis.
lorem_49,"Aenean posuere, tortor sed cursus feugiat, nunc augue blandit nunc, eu sollicitudin urna dolor sagittis lacus."
lorem_50,"Donec elit libero, sodales nec, volutpat a, suscipit non, turpis."
lorem_51,Nullam sagittis.
lorem_52,"Suspendisse pulvinar, augue ac venenatis condimentum, sem libero volutpat nibh, nec pellentesque velit pede quis nunc."
lorem_53,Vestibulum ante ipsum primis in faucibus orci luctus et ultrices posuere cubilia Curae; Fusce id purus.
lorem_54,Ut varius tincidunt libero. Phasellus dolor.
lorem_55,Maecenas vestibulum mollis diam. Pellentesque ut neque.
lorem_56,Pellentesque habitant morbi tristique senectus et netus et malesuada fames ac turpis egestas.
lorem_57,"In dui magna, posuere eget, vestibulum et, tempor auctor, justo."
lorem_58,In ac felis quis tortor malesuada pretium.
lorem_59,Pellentesque auctor neque nec urna.
lorem_60,"Proin sapien ipsum, porta a, auctor quis, euismod ut, mi."
lorem_61,Aenean viverra rhoncus pede.
lorem_62,Pellentesque habitant morbi tristique senectus et netus et malesuada fames ac turpis egestas.
lorem_63,Ut non enim eleifend felis pretium feugiat. Vivamus quis mi. Phasellus a est.
lorem_64,Phasellus magna. In hac habitasse platea dictumst.
lorem_65,Curabitur at lacus ac velit ornare lobortis.
lorem_66,Curabitur a felis in nunc fringilla tristique. Morbi mattis ullamcorper velit.
lorem_67,Phasellus gravida semper nisi. Nullam vel sem.
lorem_68,"Pellentesque libero tortor, tincidunt et, tincidunt eget, semper nec, quam."
lorem_69,Sed hendrerit. Morbi ac felis.
lorem_70,"Nunc egestas, augue at pellentesque laoreet, felis eros vehicula leo, at malesuada velit leo quis pede."
lorem_71,"Donec interdum, metus et hendrerit aliquet, dolor diam sagittis ligula, eget egestas libero turpis vel mi."
lorem_72,"Nunc nulla. Fusce risus nisl, viverra et, tempor et, pretium in, sapien."
lorem_73,Donec venenatis vulputate lorem. Morbi nec metus. Phasellus blandit leo ut odio.
lorem_74,"Maecenas ullamcorper, dui et placerat feugiat, eros pede varius nisi, condimentum viverra felis nunc et lorem."
lorem_75,"Sed magna purus, fermentum eu, tincidunt eu, varius ut, felis."
lorem_76,In auctor lobortis lacus.
lorem_77,"Quisque libero metus, condimentum nec, tempor a, commodo mollis, magna."
lorem_78,Vestibulum ullamcorper mauris at ligula. Fusce fermentum. Nullam cursus lacinia erat.
lorem_79,Praesent blandit laoreet nibh. Fusce convallis metus id felis luctus adipiscing.
lorem_80,"Pellentesque egestas, neque sit amet convallis pulvinar, justo nulla eleifend augue, ac auctor orci leo non est."
lorem_81,Quisque id mi. Ut tincidunt tincidunt erat. Etiam feugiat lorem non metus.
lorem_82,Vestibulum dapibus nunc ac augue. Curabitur vestibulum aliquam leo.
lorem_83,Praesent egestas neque eu enim. In hac habitasse platea dictumst. Fusce a quam.
lorem_84,Etiam ut purus mattis mauris sodales aliquam. Curabitur nisi.
lorem_85,Quisque malesuada placerat nisl.
lorem_86,"Nam ipsum risus, rutrum vitae, vestibulum eu, molestie vel, lacus."
lorem_87,"Sed augue ipsum, egestas nec, vestibulum et, malesuada adipiscing, dui."
lorem_88,"Vestibulum facilisis, purus nec pulvinar iaculis, ligula mi congue nunc, vitae euismod ligula urna in dolor."
lorem_89,Mauris sollicitudin fermentum libero. Praesent nonummy mi in odio. Nunc interdum lacus sit amet orci.
lorem_90,"Vestibulum rutrum, mi nec elementum vehicula, eros quam gravida nisl, id fringilla neque ante vel mi."
lorem_91,Morbi mollis tellus ac sapien.
lorem_92,"Phasellus volutpat, metus eget egestas mollis, lacus lacus blandit dui, id egestas quam mauris ut lacus."
lorem_93,Fusce vel dui. Sed in libero ut nibh placerat accumsan. Proin faucibus arcu quis ante.
lorem_94,In consectetuer turpis ut velit. Nulla sit amet est.
lorem_95,"Praesent metus tellus, elementum eu, semper a, adipiscing nec, purus. Cras risus ipsum, faucibus ut, ullamcorper id, varius ac, leo."
lorem_96,"Suspendisse feugiat. Suspendisse enim turpis, dictum sed, iaculis a, condimentum nec, nisi."
lorem_97,Praesent nec nisl a purus blandit viverra. Praesent ac massa at ligula laoreet iaculis.
lorem_98,"Nulla neque dolor, sagittis eget, iaculis quis, molestie non, velit. Mauris turpis nunc, blandit et, volutpat molestie, porta ut, ligula."
lorem_99,"Fusce pharetra convallis urna. Quisque ut nisi. Donec mi odio, faucibus at, scelerisque quis,"
