text,category,label
Put Targeted in my Clapton Chronicles The Best of Eric Clapton playlist.,AddToPlaylist,LABEL_0
Is the weather going to be colder in GU in 11 years,GetWeather,LABEL_2
Play artist Vlada Divljan from something he did that is good,PlayMusic,LABEL_3
I rate American History A Survey a 5,RateBook,LABEL_4
Search for Informix Wingz,SearchCreativeWork,LABEL_5
What is the weather nearby Bermuda a week from now,GetWeather,LABEL_2
What time is The Bride from Hell playing at Malco Theatres,SearchScreeningEvent,LABEL_6
"Make dinner reservation for 3 people on june 23rd, 2040 in Blodgett .",BookRestaurant,LABEL_1
book a table in Alberton for me and my mother in law at a restaurant,BookRestaurant,LABEL_1
Look up Applied Linguistics,SearchCreativeWork,LABEL_5
add Olga Souza to virginia's femme fatale playlist,AddToPlaylist,LABEL_0
Play a melody from Elmer Bernstein,PlayMusic,LABEL_3
rate my current novel four out of 6 stars,RateBook,LABEL_4
Add Barbara to the metal xplorer playlist.,AddToPlaylist,LABEL_0
"What are the weather conditions going to be like in Manhasset , Vermont on Dec. the 6th, 2036 ?",GetWeather,LABEL_2
rate The Long Dark Tea-Time of the Soul 5 stars,RateBook,LABEL_4
this chronicle gets a three out of 6 .,RateBook,LABEL_4
When is The Third Eye showing at Dickinson Theatres ?,SearchScreeningEvent,LABEL_6
Look up the TV series Operace Silver A,SearchCreativeWork,LABEL_5
The book the Gardens of the Moon deserves only 1 stars .,RateBook,LABEL_4
rate First Man The Life of Neil A. Armstrong three of 6,RateBook,LABEL_4
Is Jack the Ripper playing in one hour at the nearest movie house ?,SearchScreeningEvent,LABEL_6
Will it be warm in the current place next spring,GetWeather,LABEL_2
Can you play me the latest theme song by Warren Vache,PlayMusic,LABEL_3
play Lastfm tunes from 1997,PlayMusic,LABEL_3
Find a game called Dynamite Warrior .,SearchCreativeWork,LABEL_5
Show Famous Classic Tales television show,SearchCreativeWork,LABEL_5
The current saga deserves a 5 rating.,RateBook,LABEL_4
Find me the TV show The First Bite .,SearchCreativeWork,LABEL_5
Is it cloudy in the same area of Lynn Shore Reservation,GetWeather,LABEL_2
I'd rate The Rise of the West a 2 of 6 stars,RateBook,LABEL_4
find the picture titled Battle Spirits - Shōnen Toppa Bashin,SearchCreativeWork,LABEL_5
Rate Canto for a Gypsy two of 6 stars,RateBook,LABEL_4
Is there hail forecast for Hale Center on 7/22/2030 ?,GetWeather,LABEL_2
Play Red Barchetta by Blind Lemon Jefferson .,PlayMusic,LABEL_3
book a restaurant for nine on 16 hours from now,BookRestaurant,LABEL_1
I need a table at a restaurant in Ireland serving kouglof,BookRestaurant,LABEL_1
Play the greatest 1966 album out there,PlayMusic,LABEL_3
What movie times start in 22 seconds at Magic Johnson Theatres,SearchScreeningEvent,LABEL_6
give 5 out of 6 points to Myths of the Hindus & Buddhists,RateBook,LABEL_4
put coming back to life onto winter music,AddToPlaylist,LABEL_0
Find Phalcon .,SearchCreativeWork,LABEL_5
What time is The Cobbler playing  at the closest movie theatre ?,SearchScreeningEvent,LABEL_6
will it be cold in Carnot OR,GetWeather,LABEL_2
Add Buddy Tate to just dance by aftercluv list,AddToPlaylist,LABEL_0
Can I see the album SWAT Force ?,SearchCreativeWork,LABEL_5
I want to put Paul Young onto all new all now .,AddToPlaylist,LABEL_0
Will it be rainy at 8 in Dans Mountain State Park,GetWeather,LABEL_2
Book something at a highly rated and distant cafe in Kazakhstan for two on April 21,BookRestaurant,LABEL_1
What is the movie schedule at the Fox Theatres,SearchScreeningEvent,LABEL_6
"Can you tell me what the weather is doing in North Epworth , Guam",GetWeather,LABEL_2
will there be hail in Kaffir,GetWeather,LABEL_2
Showtimes for animated movies in Malco Theatres ?,SearchScreeningEvent,LABEL_6
book a meal for four in DC,BookRestaurant,LABEL_1
What's the weather looking like in Macy ?,GetWeather,LABEL_2
find a trailer called Way Down Yonder in New Orleans,SearchCreativeWork,LABEL_5
show me the schedule of movie times in Dipson Theatres,SearchScreeningEvent,LABEL_6
Is it going to snow next year in WV,GetWeather,LABEL_2
book a table for 6 at a restaurant in Nebraska,BookRestaurant,LABEL_1
add Halley to This Is Tchaikovsky,AddToPlaylist,LABEL_0
look for the creative work The Testament of Gideon Mack,SearchCreativeWork,LABEL_5
Where is the nearest movie house that is showing The Kingfisher Caper ?,SearchScreeningEvent,LABEL_6
Can you get me a reservation at WWE The World around Av U,BookRestaurant,LABEL_1
Help me find Where the Wild Things Are,SearchCreativeWork,LABEL_5
"book a english pub for me, belinda and dena close-by Syria next dec .",BookRestaurant,LABEL_1
Play me East Side Story,SearchCreativeWork,LABEL_5
Play a top fifty ballad by Linda Strawberry on Google Music,PlayMusic,LABEL_3
I would like to book a donut serving delicatessen in Cuba for 5 on april eleventh,BookRestaurant,LABEL_1
I want to add Mark Boston to my Power Walk list,AddToPlaylist,LABEL_0
what will the temperate be here on Shmini Atzeret,GetWeather,LABEL_2
Rate the Apocalisse saga one out of 6 points,RateBook,LABEL_4
add Get Happy to cherry's Las Canciones Más Lindas Del Mundo,AddToPlaylist,LABEL_0
"Is it going to be freezing at tea time in Michigantown , KS",GetWeather,LABEL_2
Rate Encyclopedia of Domestic Animation four out of 6 stars,RateBook,LABEL_4
"Tell me when it'll be hot in Melbourne , NJ",GetWeather,LABEL_2
What will the humidity be in Varnado Georgia at one am,GetWeather,LABEL_2
find As Live as It Gets,SearchCreativeWork,LABEL_5
rate the current essay four of 6,RateBook,LABEL_4
rate My Life As a Book five out of 6,RateBook,LABEL_4
rate this book one for this stars judging,RateBook,LABEL_4
book a stracciatella provider coffeehouse for 10,BookRestaurant,LABEL_1
What are the movie times for movies around here,SearchScreeningEvent,LABEL_6
add Dr Know to the playlist named I Love My 90's R&B,AddToPlaylist,LABEL_0
Book a food truck in Argusville that has fish chips,BookRestaurant,LABEL_1
Open Netflix and play David Frizzell,PlayMusic,LABEL_3
Add jack scott to my fantasía playlist,AddToPlaylist,LABEL_0
play something from 1971 by John Bonham,PlayMusic,LABEL_3
Can I get the showtimes for the closest movie theatre that has the newest films .,SearchScreeningEvent,LABEL_6
What's the weather going to be like in PR at nineteen o'clock,GetWeather,LABEL_2
What is the movie schedule for films in the neighbourhood,SearchScreeningEvent,LABEL_6
Play some alternative music on Vimeo,PlayMusic,LABEL_3
I want a list of films that are going to be shown in the neighborhood .,SearchScreeningEvent,LABEL_6
Show the Day the Earth Caught Fire movie,SearchCreativeWork,LABEL_5
Find a book called Screwed .,SearchCreativeWork,LABEL_5
Add this artist to the laugh list,AddToPlaylist,LABEL_0
what time is Mulawin The Movie showing at the nearest movie house,SearchScreeningEvent,LABEL_6
Rate the current album 3 points,RateBook,LABEL_4
something on Spotify please,PlayMusic,LABEL_3
play the top-twenty margaret becker songs with google music,PlayMusic,LABEL_3
Add CJ Snare to my indie mim playlist,AddToPlaylist,LABEL_0
Looking for Kepler scientific workflow system,SearchCreativeWork,LABEL_5
rate this album one out of 6,RateBook,LABEL_4
What are the movie times for films playing in the area ?,SearchScreeningEvent,LABEL_6
Please play some music for me on Netflix,PlayMusic,LABEL_3
Weather for here right now,GetWeather,LABEL_2
Is it hot in the current location ?,GetWeather,LABEL_2
Put the Love Hurts track onto carmen's playlist.,AddToPlaylist,LABEL_0
Rate Illness as Metaphor 5 of 6,RateBook,LABEL_4
Book a table for three at a restaurant in Louisiana,BookRestaurant,LABEL_1
"Will there be wind on january 24, 2019 in Ransom",GetWeather,LABEL_2
Find the schedule for The Kentuckians .,SearchScreeningEvent,LABEL_6
What films are at Century Theatres in twelve hours,SearchScreeningEvent,LABEL_6
What time is cinema playing The Village Priest ?,SearchScreeningEvent,LABEL_6
Play genre opera,PlayMusic,LABEL_3
book The Lake House for me and carmella,BookRestaurant,LABEL_1
"find Attack Surface Analyzer , a painting",SearchCreativeWork,LABEL_5
rate this novel a four,RateBook,LABEL_4
Add a track to my girls' night playlist.,AddToPlaylist,LABEL_0
Show Acta Mathematicae Applicatae Sinica TV show,SearchCreativeWork,LABEL_5
I'd like to rate this textbook 4 out of 6,RateBook,LABEL_4
Take me to the top-rated taverna in Sealy for trattoria next week for 5,BookRestaurant,LABEL_1
book a spot for one at four AM,BookRestaurant,LABEL_1
Rate The Taking series a zero out of 6,RateBook,LABEL_4
Give the current novel 3 stars .,RateBook,LABEL_4
I'd like to give The Harder They Come two points,RateBook,LABEL_4
I want to book a cafe for 3 in Fargo,BookRestaurant,LABEL_1
How much fog is there in Hahnville ?,GetWeather,LABEL_2
Play 1966 theme music on Slacker .,PlayMusic,LABEL_3
Play the newest released song from 1951,PlayMusic,LABEL_3
I need a table at The Ledbury at 18 o'clock,BookRestaurant,LABEL_1
give 3 out of 6 points to current novel,RateBook,LABEL_4
For this essay I give a posiabble 3 of 6,RateBook,LABEL_4
Congress has warmer weather,GetWeather,LABEL_2
Play a song off The Best Of Siouxsie & The Banshees by Faustino Oramas,PlayMusic,LABEL_3
I want to give The Plague Lords of Ruel 0 stars,RateBook,LABEL_4
Book a cafeteria that serves bagels for six people.,BookRestaurant,LABEL_1
I'm looking for the movie called The Beast that Shouted Love at the Heart of the World .,SearchCreativeWork,LABEL_5
I would give Hell Hath Fury one points,RateBook,LABEL_4
What will be the wind speed around Pembina Gorge State Recreation Area October the 27th ?,GetWeather,LABEL_2
What is the humidity like in faraway on AK,GetWeather,LABEL_2
Rate the current essay 0 of 6,RateBook,LABEL_4
Book me a table for 8 at a restaurant for seven pm,BookRestaurant,LABEL_1
"Book a table for 1 on November the first, 2022",BookRestaurant,LABEL_1
"Book a reservation for a parry of eight for a restaurant in Birch River , MO",BookRestaurant,LABEL_1
What's the weather two months from now in Arletta Malawi,GetWeather,LABEL_2
what movies are at the nearest movie house,SearchScreeningEvent,LABEL_6
I give Obama From Promise to Power 6 points and a rating value of 1,RateBook,LABEL_4
Rate The Agent of Death with five stars out of 6,RateBook,LABEL_4
What is the local movie schedule,SearchScreeningEvent,LABEL_6
Tell me if there's be a depression in Brazil,GetWeather,LABEL_2
I give this current textbook five stars,RateBook,LABEL_4
find me The Seven-Ups,SearchCreativeWork,LABEL_5
Play some twenties chant music on Slacker,PlayMusic,LABEL_3
book me top-rated restaurant for 9 members for midnight at Fair Bluff RI,BookRestaurant,LABEL_1
show creativity of Comeback Season,SearchCreativeWork,LABEL_5
Play play Lodge by Alkabli on lastfm .,PlayMusic,LABEL_3
What time is Swarna Trishna playinh at Loews Cineplex,SearchScreeningEvent,LABEL_6
Play The Eternal by Juju Mob on Vimeo .,PlayMusic,LABEL_3
Add the fire and the wind to my Digster Future Hits playlist.,AddToPlaylist,LABEL_0
give 5 rating for this textbook,RateBook,LABEL_4
"Show me weather forecast in Clontarf , KY from 4 hours from now .",GetWeather,LABEL_2
give 1 star to The Cure for Death by Lightning,RateBook,LABEL_4
I'd give The Hundred Thousand Kingdoms a three of 6,RateBook,LABEL_4
Which films are playing at the IMAX Corporation ?,SearchScreeningEvent,LABEL_6
add saxophone supremacy to ofelia's calm before the storm playlist,AddToPlaylist,LABEL_0
I want to hear a good song from 2016,PlayMusic,LABEL_3
I want to hear something from the top-fifty by Jose Pasillas,PlayMusic,LABEL_3
Can I see the movie schedules ?,SearchScreeningEvent,LABEL_6
rate the current textbook zero out of 6 points,RateBook,LABEL_4
"On Jun. the sixteenth, 2032 I'd like to go to Dillard House in Putnam Hall",BookRestaurant,LABEL_1
What's the weather in Waretown Lebanon,GetWeather,LABEL_2
Can you find the movie Accidentally in Love,SearchCreativeWork,LABEL_5
Rate the current album 4 out of 6 stars,RateBook,LABEL_4
Play the newest chant by John Doyle on Zvooq,PlayMusic,LABEL_3
"book a table for jasmine, jeannie and leta",BookRestaurant,LABEL_1
what kind of films are at the closest movie house,SearchScreeningEvent,LABEL_6
book a spot for seven in 8 seconds from now,BookRestaurant,LABEL_1
I want to hear a nineties track by stat quo on Deezer,PlayMusic,LABEL_3
movie schedules of movies in the neighbourhood at zero am,SearchScreeningEvent,LABEL_6
Rate The Scoop 5 out of 6 points,RateBook,LABEL_4
I feel that The Loveday Trials is rated at a one out of 6 points .,RateBook,LABEL_4
I'm looking for a picture titled Rock Painting,SearchCreativeWork,LABEL_5
I give the Knife of Dreams saga a 0 of 6,RateBook,LABEL_4
Add this Nozomi Tsuji tune to my Hot House playlist,AddToPlaylist,LABEL_0
What is the weather forecast in 2 seconds for South Carolina,GetWeather,LABEL_2
Rate Notes from the Internet Apocalypse four of 6 stars,RateBook,LABEL_4
Play theme music from 2011 .,PlayMusic,LABEL_3
what movies are showing at Fox Theatres at 11 am,SearchScreeningEvent,LABEL_6
Is it warm in Fernley ?,GetWeather,LABEL_2
"add Please, Please, Please, Let Me Get What I Want to my crate diggers anonymous",AddToPlaylist,LABEL_0
Add child owlet to my Sleep Sounds playlist,AddToPlaylist,LABEL_0
I want to book a pub in MS that serves festoni,BookRestaurant,LABEL_1
"What will the weather be at ten am in Fourche , NV",GetWeather,LABEL_2
Add Bone Crusher to the chill out playlist,AddToPlaylist,LABEL_0
Book a restaurant on June the fifth in Cavour .,GetWeather,LABEL_2
will it be colder this Saturday in NC,GetWeather,LABEL_2
Find the movie times for nearby films .,SearchScreeningEvent,LABEL_6
book a spot for three at a bakery in Grand Portage,BookRestaurant,LABEL_1
Book a table over the internet for six at a food truck in Vanuatu for two pm,BookRestaurant,LABEL_1
find Regal Entertainment Group animated movies,SearchScreeningEvent,LABEL_6
Is Live from Sturgis 2006 playing at four o'clock at the nearest cinema ?,SearchScreeningEvent,LABEL_6
Find time for Ace of the Saddle,SearchScreeningEvent,LABEL_6
Show The Collectors video game,SearchCreativeWork,LABEL_5
Book a reservation for 8 at a restaurant that serves chicken fried bacon in Aruba,BookRestaurant,LABEL_1
I would like to rate Tar A Midwest Childhood a value of 1 and a best rating of 6,RateBook,LABEL_4
find a cinema nearest showing Twilight of Shadows at breakfast time,SearchScreeningEvent,LABEL_6
I need to book a highly rated restaurant in Coronado,BookRestaurant,LABEL_1
where is The Chief Cook playing,SearchScreeningEvent,LABEL_6
I'm looking for the work titled Converging Conspiracies,SearchCreativeWork,LABEL_5
Reserve a table for my bf and I at Montreal Pool Room in Indiahoma,BookRestaurant,LABEL_1
Rate this essay a 3,RateBook,LABEL_4
Does AMC Theatres have movie schedules out?,SearchScreeningEvent,LABEL_6
Which cinema is showing A Dedicated Life starting at eleven PM,SearchScreeningEvent,LABEL_6
Will it get windy close by here ?,GetWeather,LABEL_2
Tell me when it will be humid here,GetWeather,LABEL_2
Will the weather be stormy in Aurora ?,GetWeather,LABEL_2
add tune to my metal crash course playlist,AddToPlaylist,LABEL_0
rate Covering The Hidden Assault on Our Civil Rights 1 point,RateBook,LABEL_4
What's the weather in Paris ?,GetWeather,LABEL_2
"Will it be warmer at lunch in Prentice , Armenia",GetWeather,LABEL_2
Find I Could Fall in Love .,SearchCreativeWork,LABEL_5
this saga is definitely worth 4 stars .,RateBook,LABEL_4
"21 weeks from now elinor, crystal turner and nita want to eat german food at a bar in distant California",BookRestaurant,LABEL_1
how warm will it be in 10 minutes,GetWeather,LABEL_2
Rate The Best American Short Stories 2007 one out of 6 points,RateBook,LABEL_4
rate The Gutting of Couffignal one points,RateBook,LABEL_4
"find Back to Boomtown Classic Rats Hits , a soundtrack",SearchCreativeWork,LABEL_5
add this song to my metal playlist,AddToPlaylist,LABEL_0
book a restaurant for 4,BookRestaurant,LABEL_1
"I want to rate Nathaniel Fludd, Beastologist 1 out of 6",RateBook,LABEL_4
add this tune by hart wand on this is wagner,AddToPlaylist,LABEL_0
put this artist onto political punks .,AddToPlaylist,LABEL_0
book a spot for six at a restaurant that serves fish and chips,BookRestaurant,LABEL_1
Will it be temperate near Neylandville,GetWeather,LABEL_2
What time are films showing at KB Theatres,SearchScreeningEvent,LABEL_6
give Portions from a Wine-stained Notebook Short Stories and Essays 0 points,RateBook,LABEL_4
Show me the Landing at Low Tide painting,SearchCreativeWork,LABEL_5
Rate CIA World Factbook five out of 6 stars,RateBook,LABEL_4
rate The Pagan Christ zero points out of 6,RateBook,LABEL_4
Show Force of Nature,SearchCreativeWork,LABEL_5
play Sunshine Reggae on youtube,PlayMusic,LABEL_3
Give The Slap 0 stars,RateBook,LABEL_4
Will it be chilly in two hundred thirteen days at Dochū-Kōtsu Prefectural Natural Park,GetWeather,LABEL_2
book a taverna for 10 for NY,BookRestaurant,LABEL_1
Play the most popular Johnny Clarke on Deezer .,PlayMusic,LABEL_3
Find me a table for four somewhere,BookRestaurant,LABEL_1
play an eighties track,PlayMusic,LABEL_3
can i have the movie schedules,SearchScreeningEvent,LABEL_6
What's the weather forecast for breakfast time in Palau ?,GetWeather,LABEL_2
I'm looking to book a seat at a bakery that serves coleslaw at 194458 .,BookRestaurant,LABEL_1
Find the schedule for Better This World at a movie house .,SearchScreeningEvent,LABEL_6
which is the nearest movie house playing The Diary of Anne Frank,SearchScreeningEvent,LABEL_6
use Slacker to listen to seventies music,PlayMusic,LABEL_3
I need a weather update now for Manhattan Project National Historical Park,GetWeather,LABEL_2
What's the weather in Oregon,GetWeather,LABEL_2
Play Salmonella Dub Dvd by mario rubalcaba on Vimeo,PlayMusic,LABEL_3
play Steven Reineke greatest soundtrack on Youtube,PlayMusic,LABEL_3
"I'd like to eat at a top-rated place on nov. the twenty-sixth in the food court , I need reservations for 7 in the city of Kane or somewhere near there.",BookRestaurant,LABEL_1
Book a restaurant for august fourth not far from the Marshall Islands .,BookRestaurant,LABEL_1
Is there a blizzard in Stonewood ?,GetWeather,LABEL_2
What's the weather forecast for MI for August 20th ?,GetWeather,LABEL_2
Where can I view the picture Reaching Horizons,SearchCreativeWork,LABEL_5
what is the weather forecast for Israel,GetWeather,LABEL_2
Play blues on Vimeo,PlayMusic,LABEL_3
What is the forecast for Farmerville in Cape Verde,GetWeather,LABEL_2
add abrar ul haq to Confidence Boost,AddToPlaylist,LABEL_0
Add this song to my fairy tales,AddToPlaylist,LABEL_0
Rate Fast Food Nation 2 points,RateBook,LABEL_4
Give this current book zero out of 6,RateBook,LABEL_4
I give zero points to this chronicle,RateBook,LABEL_4
Can you put freddie freeloader on the playlist instrumental madness,AddToPlaylist,LABEL_0
Show movies in the neighborhood,SearchScreeningEvent,LABEL_6
I need a table for four at a restaurant in AL,BookRestaurant,LABEL_1
what will the weather be at Mu Ko Phetra National Park on Administrative Professionals Day,GetWeather,LABEL_2
play a theme from 1985 by Patrick Cowley,PlayMusic,LABEL_3
show me God Bless the Child photograph,SearchCreativeWork,LABEL_5
Book a CO table at Windows on the World,BookRestaurant,LABEL_1
What's the weather supposed to be like in Elmer City,GetWeather,LABEL_2
What will the weather be in Hillview ?,GetWeather,LABEL_2
I'd like to find the book called The Years,SearchCreativeWork,LABEL_5
Find me the showtimes for Until Death at the nearest movie house .,SearchScreeningEvent,LABEL_6
what time can i see The Conflicts of Life,SearchScreeningEvent,LABEL_6
Please book a table for four at a restaurant in TN,BookRestaurant,LABEL_1
I want to hear This Is The Night from Proof,PlayMusic,LABEL_3
Add song to my Club Hits,AddToPlaylist,LABEL_0
Will it be colder in Oswego 16 weeks from now ?,GetWeather,LABEL_2
Play some music from 2011 on lastfm,PlayMusic,LABEL_3
"Tell me the weather forecast for Lecanto , Georgia",GetWeather,LABEL_2
play 1970 trunes,PlayMusic,LABEL_3
I want to watch the television show New Astronomy,SearchCreativeWork,LABEL_5
I want to hear something off Fist For Fight by Rushton Moreve on Youtube,PlayMusic,LABEL_3
I want to listen to Swing music on Iheart,PlayMusic,LABEL_3
Rate this novel one of 6,RateBook,LABEL_4
find animated movies nearby,SearchScreeningEvent,LABEL_6
Where can I purchase the TV show Time for Heroes,SearchCreativeWork,LABEL_5
I want to book a restaurant now in Ludlow for eight,BookRestaurant,LABEL_1
add tune to my playlist ironing,AddToPlaylist,LABEL_0
play a 1977 record by Bitty Mclean on Google Music,PlayMusic,LABEL_3
find a movie theatre with Rogues and Romance that is nearest,SearchScreeningEvent,LABEL_6
put Edwyn Collins onto my Trabajo Relax playlist,AddToPlaylist,LABEL_0
Play music from the album Evolution Of A Man by Joey Ramone,PlayMusic,LABEL_3
What will the weather be a nine in Willow River State Park ?,GetWeather,LABEL_2
Rate the current album 2 stars,RateBook,LABEL_4
I give the next novel two stars,RateBook,LABEL_4
I want to know the weather in ten weeks from now in John N and Melba S Anderson Memorial Conservation Area,GetWeather,LABEL_2
play the TV show Wicked City,SearchCreativeWork,LABEL_5
Book a reservation for 2 at a food truck with pool in New York,BookRestaurant,LABEL_1
Play some music from Roberto Carlos,PlayMusic,LABEL_3
Need a booking for 6 in OK for the city of Boonton,BookRestaurant,LABEL_1
What movie schedules are animated movies close by,SearchScreeningEvent,LABEL_6
"Find the weather prediction for Camdeboo-Nationalpark for jan. eleventh, 2037 .",GetWeather,LABEL_2
book a mediterranean restaurant for my sister and I,BookRestaurant,LABEL_1
Play some 1982 movement music on Slacker,PlayMusic,LABEL_3
What time are animated movies playing in the area,SearchScreeningEvent,LABEL_6
play Calico Skies by John Feinstein with Netflix,PlayMusic,LABEL_3
Book a table for 5 at a pub during my Macedonia trip that serves czech food.,BookRestaurant,LABEL_1
Play Tujiko Noriko 's Ten Years And Running .,PlayMusic,LABEL_3
put Kids of the Black Hole onto my 90s por siempre playlist,AddToPlaylist,LABEL_0
What is the weather forecast in Canfield at 222322,GetWeather,LABEL_2
add bad news to highway 61 playlist,AddToPlaylist,LABEL_0
Rate this textbook four of 6,RateBook,LABEL_4
Will it be colder in Noblesville East Timor at 3 pm ?,GetWeather,LABEL_2
Add Sunday Express Live to workout playlist,AddToPlaylist,LABEL_0
Rate the current textbook 1 of 6 stars,RateBook,LABEL_4
Can you play a song off an album by Shirley Horn,PlayMusic,LABEL_3
Play celtic music,PlayMusic,LABEL_3
Show me the movie times for animated movies that are in theaters close by,SearchScreeningEvent,LABEL_6
I would like you to add now the hits of winter 2008 onto my ntc studio sounds playlist.,AddToPlaylist,LABEL_0
Play 2004 on pandora,PlayMusic,LABEL_3
add paula abdul to Classic Acoustic playlist,AddToPlaylist,LABEL_0
Play breed the killers on Itunes,PlayMusic,LABEL_3
Is it chilly in Ecola State Park at 2 pm,GetWeather,LABEL_2
I need movie schedules,SearchScreeningEvent,LABEL_6
Add rev-raptor to 90s Indie,AddToPlaylist,LABEL_0
book a spot at Rimsky-Korsakoffee House in Mackville,BookRestaurant,LABEL_1
play Lighter by Pamela Jintana Racine,PlayMusic,LABEL_3
i need movie times for films in the neighbourhood,SearchScreeningEvent,LABEL_6
Where can I see Travelling Light ?,SearchScreeningEvent,LABEL_6
I want to hear a top-50 track from Takahito Eguchi on Google Music,PlayMusic,LABEL_3
Rate The War of the Roses 2 out of 6,RateBook,LABEL_4
Play Oliver Cheatham 's symphony from the thirties .,PlayMusic,LABEL_3
I'm wondering what cinema is playing Peters baby .,SearchScreeningEvent,LABEL_6
Play Eternally by Marko Desantis on zvooq .,PlayMusic,LABEL_3
Find out what films are playing at North American Cinemas,SearchScreeningEvent,LABEL_6
Where can I purchase the game Dancing in the Dark 10 Years of Dancing Ferret,SearchCreativeWork,LABEL_5
add jason webley to Classical Intimate Dinner playlist,AddToPlaylist,LABEL_0
I give this book Dictionary of the English Language a 4 rating,RateBook,LABEL_4
Play music from the artist Joe Sample,PlayMusic,LABEL_3
restaurant in Watauga for me and my aunt,BookRestaurant,LABEL_1
Rate this novel a 1 out of 6,RateBook,LABEL_4
I need to book an indoor pub in Strabane,BookRestaurant,LABEL_1
Will it be stormy not far from ID on 10/2/2021,GetWeather,LABEL_2
add bert mccracken tune lo que suena new york playlist,AddToPlaylist,LABEL_0
Incorporate time warp into my fairy tales playlist.,AddToPlaylist,LABEL_0
is there going to be snowfall in Alton,GetWeather,LABEL_2
Find the movie schedule for the Cineplex Odeon Corporation .,SearchScreeningEvent,LABEL_6
forecast for Conrad,GetWeather,LABEL_2
"find The Living Room Tapes , a TV series",SearchCreativeWork,LABEL_5
I give Benson-Meditation 1 out of 6 stars .,RateBook,LABEL_4
Let me get the movie schedule for lunch time.,SearchScreeningEvent,LABEL_6
what is the 7 day for Cheat Canyon Wildlife Management Area,GetWeather,LABEL_2
Play a song from Helena Iren Michaelsen on Spotify,PlayMusic,LABEL_3
Include Brandon Paris in The MetalSucks Playlist,AddToPlaylist,LABEL_0
In Hawaii will it be warmer at 3 am,GetWeather,LABEL_2
Play some Rachel Stevens off of Itunes,PlayMusic,LABEL_3
show me PhotoScape,SearchCreativeWork,LABEL_5
what is the forecast for Bad Branch Falls State Nature Preserve for in 1 hour and 14 seconds,GetWeather,LABEL_2
Find the schedule for The Devil Diamond at a movie theatre .,SearchScreeningEvent,LABEL_6
Add this track to epic wall of sound,AddToPlaylist,LABEL_0
Show me the song The Incredible Hulk Returns,SearchCreativeWork,LABEL_5
add tune to my playlist eletro br,AddToPlaylist,LABEL_0
Play a Scott Lafaro soundtrack,PlayMusic,LABEL_3
I would rate this album 1 points,RateBook,LABEL_4
What is the weather like in Cameroon,GetWeather,LABEL_2
Rate The White Abacus zero out of 6 points,RateBook,LABEL_4
Please open pandora for me,PlayMusic,LABEL_3
Rate this awful book called Cold with 0 out of 6 points,RateBook,LABEL_4
Add the tune by Cassie Ventura to my genre bender playlist,AddToPlaylist,LABEL_0
Book restaurant for party of 7 at a pub in Ford Heights,BookRestaurant,LABEL_1
What is the movie schedule for today?,SearchScreeningEvent,LABEL_6
will it be hotter Netherlands Antilles Flats on april the 27th,GetWeather,LABEL_2
"Play the playlist, A Mis Niños de 30 .",PlayMusic,LABEL_3
The current book deserves a rating of only one .,RateBook,LABEL_4
rate the current chronicle book three points,RateBook,LABEL_4
"On june 27, 2026 I'd like to go to a Delaware gastropub",BookRestaurant,LABEL_1
Add album to Pop Rising,AddToPlaylist,LABEL_0
Rate this novel one out of 6 stars,RateBook,LABEL_4
Make a restaurant reservation for me and my son at twenty three o'clock .,BookRestaurant,LABEL_1
Rate the current novel four out of 6 points,RateBook,LABEL_4
I want to book a table for two at a close by bar in Kuwait .,BookRestaurant,LABEL_1
Is Mentioned in Confidence at the cinema,SearchScreeningEvent,LABEL_6
Is it going to be chilly here,GetWeather,LABEL_2
The book History by Contract is rated five stars in my opinion.,RateBook,LABEL_4
add i roy to my this is Rosana playlist,AddToPlaylist,LABEL_0
how cold is it in Princeton Junction,GetWeather,LABEL_2
rate this essay one out of 6 stars,RateBook,LABEL_4
I'd like to put duett onto my hot country playlist.,AddToPlaylist,LABEL_0
play Latina,PlayMusic,LABEL_3
I'd like showtimes for The Story of Wish You Were Here .,SearchScreeningEvent,LABEL_6
What's the weather in Kiahsville in the Cayman Islands,GetWeather,LABEL_2
What time is Three Cuckoo Clocks playing?,SearchScreeningEvent,LABEL_6
Please tell me movie times,SearchScreeningEvent,LABEL_6
Can you look up the Galsoft Linux TV series ?,SearchCreativeWork,LABEL_5
give the current album a score of five out of 6,RateBook,LABEL_4
Find the album Follow That Camel,SearchCreativeWork,LABEL_5
Find a television show called The High Chaparral .,SearchCreativeWork,LABEL_5
play Wait Until Tomorrow,PlayMusic,LABEL_3
Play melody music from the fourties .,PlayMusic,LABEL_3
Add kaya newest track to my I Love My '00's R&B playlist,AddToPlaylist,LABEL_0
Give Physics of the Impossible four points .,RateBook,LABEL_4
Play Nick Hexum latest album,PlayMusic,LABEL_3
book a table in the United States for 10 at The Berghoff,BookRestaurant,LABEL_1
Please book reservations for 3 people at a restaurant in Alderwood Manor,BookRestaurant,LABEL_1
What is the weather in Mascotte,GetWeather,LABEL_2
I want to book a restaurant for nine with wifi,BookRestaurant,LABEL_1
forecast for Israel,GetWeather,LABEL_2
I want this chronicle to get a rating of 4,RateBook,LABEL_4
put this song on the Chips and Salsa playlist,AddToPlaylist,LABEL_0
When will the weather be temperate like it is now in Stansbury Park in Tuvalu,GetWeather,LABEL_2
I want to watch Wide-Eyed and Ignorant,SearchCreativeWork,LABEL_5
Play the music of Tupac Shakur,PlayMusic,LABEL_3
I want to watch Uproar in the Studio at the nearest cinema,SearchScreeningEvent,LABEL_6
What's the weather going to be like not far from East Timor,GetWeather,LABEL_2
rate the current book series 4 out of 6,RateBook,LABEL_4
I need to book a table for 6 people at Montreal Pool Room in Croatia .,BookRestaurant,LABEL_1
I want to hear the top 5 Jamie Lidell songs,PlayMusic,LABEL_3
Please give 1 points to Waiting for the Mahatma .,RateBook,LABEL_4
Play some Game music.,PlayMusic,LABEL_3
"Please look up the painting , Modern times .",SearchCreativeWork,LABEL_5
Find a trailer called Sheriff of Tombstone .,SearchCreativeWork,LABEL_5
How is the weather in Indian Creek Village ?,GetWeather,LABEL_2
what are the movies movie times nearby,SearchScreeningEvent,LABEL_6
Add 12 Odd Future Songs to the Club Hits playlist.,AddToPlaylist,LABEL_0
What is the weather forecast for close-by Burkina,GetWeather,LABEL_2
look for the trailer for Red Stallion in the Rockies,SearchCreativeWork,LABEL_5
What is the weather like in Hurstville ?,GetWeather,LABEL_2
I give Warheart 5 stars .,RateBook,LABEL_4
I'd like to watch the trailer for Dungeons & Dragons Chronicles of Mystara .,SearchCreativeWork,LABEL_5
Is it going to be stormy in Austin Creek State Recreation Area at 0942 ?,GetWeather,LABEL_2
give two out of 6 points to current textbook,RateBook,LABEL_4
What time is Class playing at Amco Entertainment ?,SearchScreeningEvent,LABEL_6
give four stars out of 6 to current book,RateBook,LABEL_4
Book a reservation for me and my step sister in Nebraska in two seconds,BookRestaurant,LABEL_1
"Please find me the work, Earth Intruders .",SearchCreativeWork,LABEL_5
rate this novel 4 out of 6,RateBook,LABEL_4
Rate Company for Gertrude 4 of 6,RateBook,LABEL_4
What movie schedules at Consolidated Theatres,SearchScreeningEvent,LABEL_6
Play Regulate…g Funk Era by artist Iouri Bachmet on groove shark,PlayMusic,LABEL_3
I would like to book the best southeastern brazilian food court,BookRestaurant,LABEL_1
Where can I locate the show The Return of Mr. Moto,SearchCreativeWork,LABEL_5
Add the rating for this current series a four out of 6 points,RateBook,LABEL_4
Will it be colder in Holladay Saint Kitts and Nevis,GetWeather,LABEL_2
Will there be hail on 7/16/2032 in the Dominican Republic,GetWeather,LABEL_2
Add entity eternally to playlist Lazy Chill Afternoon,AddToPlaylist,LABEL_0
I need a reservation at sunrise for melva and heidi at a local restaurant .,BookRestaurant,LABEL_1
Play some fast fusion on Spotify,PlayMusic,LABEL_3
Is The Country Doctor on the schedule at any theater near me?,SearchScreeningEvent,LABEL_6
I'd like to rate the book White Dawns at zero of 6 stars .,RateBook,LABEL_4
book at Beardslee Castle in Fairview Lanes for fifteen o'clock,BookRestaurant,LABEL_1
Play playlist Chilled R&B,PlayMusic,LABEL_3
"Need a table for rita, antoinette and I",BookRestaurant,LABEL_1
Can you please find me The Biggest Loser Brunei The Spirit of Life photograph ?,SearchCreativeWork,LABEL_5
Find a place for me to eat in Connecticut for 9 and a half months from now,BookRestaurant,LABEL_1
Add histoire de melody nelson to my 90's Baby Makers playlist,AddToPlaylist,LABEL_0
I rate The Blood of Others series only five points .,RateBook,LABEL_4
Is it hot in Zephyrhills ?,GetWeather,LABEL_2
add Teddy Boy to my Irish Folk – Jigs & Reels playlist,AddToPlaylist,LABEL_0
What is the movie schedule at Caribbean Cinemas,SearchScreeningEvent,LABEL_6
"Will it be hot in the Cayman Islands on November 12th, 2035",GetWeather,LABEL_2
Is this film going to be at Malco Theatres ?,SearchScreeningEvent,LABEL_6
play the TV show Iron Seed,SearchCreativeWork,LABEL_5
in the neighbourhood find movies with movie times,SearchScreeningEvent,LABEL_6
What time is Murph the Surf playing,SearchScreeningEvent,LABEL_6
Please get seating for me and my children,BookRestaurant,LABEL_1
rate Six Months in Mexico 1 out of 6,RateBook,LABEL_4
Will the sun be out close-by Admiralty Island National Monument ?,GetWeather,LABEL_2
I need a table at Surf Taco in East Uniontown,BookRestaurant,LABEL_1
Rate Who Moved My Cheese? a one,RateBook,LABEL_4
I'd like to see the picture The Collection – The Collector 2,SearchCreativeWork,LABEL_5
What time are films showing in the neighborhood,SearchScreeningEvent,LABEL_6
Find a popular diner that serves brazilian close by Oklahoma for nine people.,BookRestaurant,LABEL_1
this saga is definitely worth 4 stars .,RateBook,LABEL_4
Is Hercules and Xena The Battle for Mount Olympus playing at the closest cinema,SearchScreeningEvent,LABEL_6
Is The Umbrellas of Cherbourg playing near me?,SearchScreeningEvent,LABEL_6
add an album in Sweet Soul Chillout,AddToPlaylist,LABEL_0
add willie nelson live to my Acoustic Blues playlsit,AddToPlaylist,LABEL_0
add the artist Jamie T to hallie's winter music playlist,AddToPlaylist,LABEL_0
Rate The Scoop 4 of 6 stars,RateBook,LABEL_4
Rate this album 0 points,RateBook,LABEL_4
I want a table for eight at GU,BookRestaurant,LABEL_1
Rate Seeing with the Eyes of Love 5 points,RateBook,LABEL_4
What's the weather like in Saint Regis Falls ND,GetWeather,LABEL_2
Where can I purchase the video game The Blue Generation,SearchCreativeWork,LABEL_5
Play an Alla Pougatcheva ballad on Pandora,PlayMusic,LABEL_3
When will The Honor of an Outlaw be showing?,SearchScreeningEvent,LABEL_6
what films are showing in the neighbourhood,SearchScreeningEvent,LABEL_6
Book me a restaurant that serves festoni for eight in New Hampshire,BookRestaurant,LABEL_1
play Iheart tunes by Neil Finn,PlayMusic,LABEL_3
Add Fra Mols til Skagen to my this is trey songz playlist,AddToPlaylist,LABEL_0
What's the weather going to be like at 102120 close by ID,GetWeather,LABEL_2
book for one in Indiana at a restaurant,BookRestaurant,LABEL_1
add Of Rivers and Religion to my sexy as folk playlist,AddToPlaylist,LABEL_0
this is rated 5 out of 6 for an essay,RateBook,LABEL_4
I give The Lacuna a rating of 5 stars under the chronicle rated at 6,RateBook,LABEL_4
Can you play Crossover ?,PlayMusic,LABEL_3
Rate In the Eyes of Mr. Fury zero of 6,RateBook,LABEL_4
I would like reservations to a popular pub in Burkina for 10 people.,BookRestaurant,LABEL_1
book a table for ten people,BookRestaurant,LABEL_1
What is the weather forecast in Pinson South Dakota,GetWeather,LABEL_2
Lets go to a bistro in SD,BookRestaurant,LABEL_1
"book a restaurant for me, angela and mercedes in Cimarron City , Colorado",BookRestaurant,LABEL_1
find a movie called Bruce Lee,SearchCreativeWork,LABEL_5
I want a table for 9 at the taverna pub,BookRestaurant,LABEL_1
rate the current textbook 4 of 6 points,RateBook,LABEL_4
the stars for this are 4 for a textbook,RateBook,LABEL_4
Will it be freezing in the city of Sardis,GetWeather,LABEL_2
find Plitt Theatres showing animated movies,SearchScreeningEvent,LABEL_6
Look for Global Clubbing The Netherlands .,SearchCreativeWork,LABEL_5
For my playlist jazzy dinner add the name Kick Over the Traces,AddToPlaylist,LABEL_0
add the tune to the Indie Workout playlist,AddToPlaylist,LABEL_0
Add this tune to Morning Commute,AddToPlaylist,LABEL_0
Play Michael Angelo Batio,PlayMusic,LABEL_3
rate this book a zero,RateBook,LABEL_4
What is the TV show This Is Halloween ?,SearchCreativeWork,LABEL_5
What is the weather in the Falkland Islands,GetWeather,LABEL_2
Can you add a tune to my Jazzy Romance playlist,AddToPlaylist,LABEL_0
Find a soundtrack called New Religion .,SearchCreativeWork,LABEL_5
When is Em4Jay playing at the movie theatre ?,SearchScreeningEvent,LABEL_6
Play music from Tommy Ridgley .,PlayMusic,LABEL_3
What are the movie schedules for the Caribbean Cinemas,SearchScreeningEvent,LABEL_6
I need the movie Kids in Love at the movie house,SearchScreeningEvent,LABEL_6
Play Entre Raices Y Antenas by Lynn & Wade Llp .,PlayMusic,LABEL_3
what time is Bhoot Returns showing at Douglas Theatre Company,SearchScreeningEvent,LABEL_6
Add track to novedades viernes sudamérica,AddToPlaylist,LABEL_0
I gave Chart Throb 4 of 6 stars,RateBook,LABEL_4
I want eat at the best spanish restaurant in the Georgia area that is within walking distance for me and my nephew at noon,BookRestaurant,LABEL_1
I want to hear a track by Ryohei Yamamoto on Vimeo,PlayMusic,LABEL_3
show creativity of Wild About Animals,SearchCreativeWork,LABEL_5
Play music on Netflix .,PlayMusic,LABEL_3
Please get me Rough and Ready saga .,SearchCreativeWork,LABEL_5
find a highly rated brasserie restaurant in Liberia and book a table for 5,BookRestaurant,LABEL_1
When is Man in Outer Space playing at Megaplex Theatres,SearchScreeningEvent,LABEL_6
Find a painting called Satisfaction Is the Death of Desire .,SearchCreativeWork,LABEL_5
add Chong Nee to my Spread The Gospel,AddToPlaylist,LABEL_0
Show me the book F-1 Grand Prix Part II,SearchCreativeWork,LABEL_5
Play me the trailer for Chasing After Shadows... Living with the Ghosts .,SearchCreativeWork,LABEL_5
Is it hot here,GetWeather,LABEL_2
I give the previous album a 4 .,RateBook,LABEL_4
What are the movie times for animated movies playing close by,SearchScreeningEvent,LABEL_6
Find the movie schedules for Speakeasy Theaters .,SearchScreeningEvent,LABEL_6
Is there fog in New York,GetWeather,LABEL_2
What animated movies can I see at AMC Theatres ?,SearchScreeningEvent,LABEL_6
find Manthra Mothiram at Century Theatres,SearchScreeningEvent,LABEL_6
Play the playlist Grime Shutdown,PlayMusic,LABEL_3
give zero out of 6 stars to Smart Girls Get What They Want book,RateBook,LABEL_4
Will it be hot in Saint Jo Alaska,GetWeather,LABEL_2
"Book The Crown at Whitebrook in the Solomon Islands for Dec. the twenty-third, 2029 .",BookRestaurant,LABEL_1
book me best joint restaurant for 2 members at AMerican Samoa today,BookRestaurant,LABEL_1
Book a table for 1 at RingSide Steakhouse in Hurricane .,BookRestaurant,LABEL_1
I'd like to see the trailer Tony Parker,SearchCreativeWork,LABEL_5
I need a reservation that has spanish rice at a cafeteria with ten people today,BookRestaurant,LABEL_1
put Anna Grigorjewna Semenowitsch in all out 00s list,AddToPlaylist,LABEL_0
I want to go to Antigua and Barbuda and eat at a table for 4 .,BookRestaurant,LABEL_1
"book a restaurant in North Dakota for my child and I on november seventh, 2037",BookRestaurant,LABEL_1
I'd like seats for five at a place in Verden right now,BookRestaurant,LABEL_1
Where is the closest cinema that is playing The Honeymoon Killers,SearchScreeningEvent,LABEL_6
Will it be warm here in one hour,GetWeather,LABEL_2
What cinema is playing Great Guy,SearchScreeningEvent,LABEL_6
movie schedules for animated movies playing in the neighbourhood,SearchScreeningEvent,LABEL_6
Can you get me The Education of Little Tree song ?,SearchCreativeWork,LABEL_5
Let me get reservations for a party of three at a bar with a pool .,BookRestaurant,LABEL_1
Can I get the movie schedule for the Bow Tie Cinemas .,SearchScreeningEvent,LABEL_6
Play a popular melody by Lindsay Lohan on Youtube .,PlayMusic,LABEL_3
book a spot in town in the same area as me,BookRestaurant,LABEL_1
add this album to the playlist Guest List Engadget,AddToPlaylist,LABEL_0
Find a song called This Champagne Mojito Is the Last Thing I Own .,SearchCreativeWork,LABEL_5
Play music from the seventies,PlayMusic,LABEL_3
"find History of North Dakota , a TV series",SearchCreativeWork,LABEL_5
Please search for All the Lovers trailer .,SearchCreativeWork,LABEL_5
Put a molly mcguire album in my metal talks kreator playlist.,AddToPlaylist,LABEL_0
Add anti ep to esenciales,AddToPlaylist,LABEL_0
I need to book a table for three at a restaurant in South Sudan,BookRestaurant,LABEL_1
Will it be warm at Tembe Elephant Park on san jacinto day,GetWeather,LABEL_2
Find the Hopeless Romantic photograph,SearchCreativeWork,LABEL_5
show weather forecast in West Wildwood South Carolina,GetWeather,LABEL_2
Play the artist Tei last concert on Netflix,PlayMusic,LABEL_3
I want to know the temperate from January the twentieth in Brazil,GetWeather,LABEL_2
Play some seventies music on Netflix .,PlayMusic,LABEL_3
What is the closest movie house playing House of the Dead 2,SearchScreeningEvent,LABEL_6
"Play the track Goodbye Alexander, Goodbye Honey Boy from Ehsaan Noorani",PlayMusic,LABEL_3
What are the movie schedules,SearchScreeningEvent,LABEL_6
I need a table for 9,BookRestaurant,LABEL_1
"book a table at an oyster bar that serves apple butter on Jul. 10th, 2028",BookRestaurant,LABEL_1
this chronicle of The Origins and History of Consciousness is a three,RateBook,LABEL_4
Add Falcon to the Top Tracks in Metal playlist.,AddToPlaylist,LABEL_0
"What will the weather be within the same area in Minnesota on June 27th, 2023 ?",GetWeather,LABEL_2
play Jawad Ahmad,PlayMusic,LABEL_3
Book a table at Crown Candy Kitchen for lacy and I,BookRestaurant,LABEL_1
What cinema is the closest showing movies,SearchScreeningEvent,LABEL_6
I'm rating The Skystone with three points,RateBook,LABEL_4
I want to hear Choice on Last Fm from the twenties .,PlayMusic,LABEL_3
I want to hear the Live At Slane Castle album by Haifa Wehbe,PlayMusic,LABEL_3
Tell me the weather forecast faraway from TX,GetWeather,LABEL_2
What will the weather be in the current position on Dec. 23 ?,GetWeather,LABEL_2
What's the weather in the U.S. Virgin Islands,GetWeather,LABEL_2
"find Hope & Other Sins , a TV show",SearchCreativeWork,LABEL_5
What are the movie times for Amco Entertainment,SearchScreeningEvent,LABEL_6
I want to give Elephants Can Remember 4 out of 6 points,RateBook,LABEL_4
Add Fabri Fibra to evening acoustic,AddToPlaylist,LABEL_0
Add song to Kids Workout,AddToPlaylist,LABEL_0
Show me The Courts of Chaos,SearchCreativeWork,LABEL_5
i need a table at a close by restaurnt in Hackney for ten,BookRestaurant,LABEL_1
Add Hallucinations of Despair to my this is trey songz playlist.,AddToPlaylist,LABEL_0
Rate this chronicle 0 stars,RateBook,LABEL_4
Where is Mother and Child plkaying,SearchScreeningEvent,LABEL_6
Play Metal Crash Course playlist.,PlayMusic,LABEL_3
"Please look up the song , Twist of shadows .",SearchCreativeWork,LABEL_5
Is Love and Other Troubles playing,SearchScreeningEvent,LABEL_6
"Play music from jeremy taylor on the album Dormi Amore, La Situazione Non È Buona on Groove Shark",PlayMusic,LABEL_3
Play satire,PlayMusic,LABEL_3
"find Five Spanish Songs , a photograph",SearchCreativeWork,LABEL_5
Find movie times .,SearchScreeningEvent,LABEL_6
Find the schedule for the closest films at a cinema at meal time.,SearchScreeningEvent,LABEL_6
Rate the City of Lost Souls one of 6 points,RateBook,LABEL_4
I'd like to see the television show Best-Of Design of a Decade 2003–2013,SearchCreativeWork,LABEL_5
What's the weather forecast for Nishi Sonogi Hantō Prefectural Natural Park three years from now ?,GetWeather,LABEL_2
"book me a restaurant that serves hot chicken in Dutch Mills , North Dakota for 10 people for 3 am",BookRestaurant,LABEL_1
go ahead and add blowfly to my This Is Schubert list,AddToPlaylist,LABEL_0
add Jalal Zolfonun to my Nature Noise,AddToPlaylist,LABEL_0
book a table for seven in Walpole,BookRestaurant,LABEL_1
"find Face the Truth , a TV show",SearchCreativeWork,LABEL_5
forecast for Hardinsburg 20 seconds from now,GetWeather,LABEL_2
What will the weather be like at 3 AM in Trinidad and Tobago,GetWeather,LABEL_2
Give The Resistance 2 out of 6 stars .,RateBook,LABEL_4
find a game called So Long Self,SearchCreativeWork,LABEL_5
give this textbook zero out of 6,RateBook,LABEL_4
show Andy Williams Sings Steve Allen TV show,SearchCreativeWork,LABEL_5
Will it be warm neighboring here in Whitehouse ?,GetWeather,LABEL_2
I want to listen to Speed Metal Symphony,PlayMusic,LABEL_3
Start up my Independent Music Monday playlist.,PlayMusic,LABEL_3
"Rate The Astonishing Life of Octavian Nothing, Traitor to the Nation, Volume II The Kingdom on the Waves series 2 points",RateBook,LABEL_4
Tell me what movies are at AMC Theatres .,SearchScreeningEvent,LABEL_6
Book a table for tomorrow for five people.,BookRestaurant,LABEL_1
give two points out of 6 to this novel,RateBook,LABEL_4
Play music from 1977,PlayMusic,LABEL_3
Find The Cartel Vol. 2 novel,SearchCreativeWork,LABEL_5
Rate this album a one,RateBook,LABEL_4
"Please book reservations at a restaurant that serves empanada , party for three with betty and dolly .",BookRestaurant,LABEL_1
What's the weather like at Powers Lake ?,GetWeather,LABEL_2
find the photograph JBoss Enterprise SOA Platform,SearchCreativeWork,LABEL_5
Play the heinz strobl ep from 2016 on Groove Shark,PlayMusic,LABEL_3
add the tune by misato watanabe to the Trapeo playlist,AddToPlaylist,LABEL_0
I want to give The Pilgrims of Rayne three out of 6 stars,RateBook,LABEL_4
What is the movie schedule for animated movies in the area,SearchScreeningEvent,LABEL_6
Is it windy in Custar,GetWeather,LABEL_2
What will the weather be in Wakarusa,GetWeather,LABEL_2
Rate I Capture the Castle 0 points,RateBook,LABEL_4
Tell me the forecast for Sweden,GetWeather,LABEL_2
give this a four for the next series of points,RateBook,LABEL_4
what is the forecast for january twenty-eighth in Kentmore Park,GetWeather,LABEL_2
find movie schedules,SearchScreeningEvent,LABEL_6
Rate Puttering About in a Small Land zero out of 6 stars,RateBook,LABEL_4
Is it rainy season in Manitou Springs ?,GetWeather,LABEL_2
find a novel called Best Hits Live Save the Children Speed Live 2003,SearchCreativeWork,LABEL_5
Add the name kids in the street to the plylist New Indie Mix,AddToPlaylist,LABEL_0
"Book a reservation for me, marva and barbara at a restaurant with parking",BookRestaurant,LABEL_1
Find a top fifty zahir howaida concerto from the seventies,PlayMusic,LABEL_3
Add Munawar Ali Khan to my mujeres y hombres y fiesta,AddToPlaylist,LABEL_0
Play me the greatest Doctor Fink song on zvooq,PlayMusic,LABEL_3
Book a restaurant that serves pasta for 5 people.,BookRestaurant,LABEL_1
show game Alien Breed II - The Horror Continues,SearchCreativeWork,LABEL_5
"What is the weather in Shenandoah Heights , Montenegro",GetWeather,LABEL_2
Add tune to Blues,AddToPlaylist,LABEL_0
Play some Retro music.,PlayMusic,LABEL_3
I'm in the mood to listen to meditative music.,PlayMusic,LABEL_3
give this a 0 for this book,RateBook,LABEL_4
what is the weather forecast close to Puerto Rico,GetWeather,LABEL_2
add Ik Tara to laundry playlst,AddToPlaylist,LABEL_0
Add track by Fleetwood Mac to lakeisha's playlist TODO NOVEDADES,AddToPlaylist,LABEL_0
Play a song from 1950,PlayMusic,LABEL_3
Look up The Park album,SearchCreativeWork,LABEL_5
Play me some Max Martin on Lastfm,PlayMusic,LABEL_3
Please play me a top nineties theme song,PlayMusic,LABEL_3
Is it going to hail in Mount San Jacinto State Park,GetWeather,LABEL_2
Play me some folklore music,PlayMusic,LABEL_3
What's the weather going to be like near Moldova on fri.,GetWeather,LABEL_2
add john brown to my Dinnertime Acoustics,AddToPlaylist,LABEL_0
How is faraway cloudy at 0245 am in Brumley ?,GetWeather,LABEL_2
what is the forecast for Orienta for hotter weather,GetWeather,LABEL_2
Please let me know the weather forecast in Louisiana state,GetWeather,LABEL_2
Add lari white song to my Soulful Disco playlist,AddToPlaylist,LABEL_0
Show The drive of life album,SearchCreativeWork,LABEL_5
add décadas to my list Neo da Matrix,AddToPlaylist,LABEL_0
Play thirties concerto music on Google Music,PlayMusic,LABEL_3
Will it get hotter far away in Afghanistan ?,GetWeather,LABEL_2
Show me the Only the Strong Survive photograph,SearchCreativeWork,LABEL_5
add this tune to my It's a Southern Thing playlist,AddToPlaylist,LABEL_0
Can i get the showtimes for films at Dickinson Theatres ?,SearchScreeningEvent,LABEL_6
I need a table for 3 at David Whitney House in Brazil,BookRestaurant,LABEL_1
I need to get a restaurant reserved in SD .,BookRestaurant,LABEL_1
find animated movies close by with a movie schedule,SearchScreeningEvent,LABEL_6
Can you tell me the weather forecast for Denmark,GetWeather,LABEL_2
Add the trey gunn tune to my French N' Heavy playlist.,AddToPlaylist,LABEL_0
Play my Trabajo Relax playlist,PlayMusic,LABEL_3
Please play Kabhi Jo Baadal Barse by Ruth Lorenzo,PlayMusic,LABEL_3
book rosalie stewart and evelyn at a restaurant,BookRestaurant,LABEL_1
show book of Pokémon The Mastermind of Mirage Pokémon,SearchCreativeWork,LABEL_5
Will it get hotter in Hext ?,GetWeather,LABEL_2
Please book me a table for 1 person at a brasserie .,BookRestaurant,LABEL_1
Go to movie times at IMAX Corporation,SearchScreeningEvent,LABEL_6
I gave Joseph Andrews a 0 out of 6,RateBook,LABEL_4
I would rate this album a 3,RateBook,LABEL_4
Add Gary Valenciano to the power gaming playlist.,AddToPlaylist,LABEL_0
I want to hear a fourties ballad by Luciano,PlayMusic,LABEL_3
Put this album in shuffle syndrome,AddToPlaylist,LABEL_0
Check films screened at the closest cinema,SearchScreeningEvent,LABEL_6
Book a bakery with smoking room for nine in Niger .,BookRestaurant,LABEL_1
Give one / 6 points to Who Will Cry When You Die,RateBook,LABEL_4
is it going to be hot here in 8 years,GetWeather,LABEL_2
I need a reservation for a highly rated bistro for a party of 10 .,BookRestaurant,LABEL_1
Play a tune from Space Mandino .,PlayMusic,LABEL_3
Please play music from Itunes,PlayMusic,LABEL_3
Play some Ven A Mi,PlayMusic,LABEL_3
Play something on my Classic Jazz Funk playlist on Zvooq,PlayMusic,LABEL_3
Find Manual of Love 2 .,SearchCreativeWork,LABEL_5
Find me a saga by Reproductions,SearchCreativeWork,LABEL_5
play some Nastya Kamenskih on Zvooq,PlayMusic,LABEL_3
add track to my Las Canciones Más Lindas Del Mundo playlist,AddToPlaylist,LABEL_0
what animated movie are at the theater in the neighborhood,SearchScreeningEvent,LABEL_6
Play music from the artist Irma Pane,PlayMusic,LABEL_3
Is it cloudy in Georgia,GetWeather,LABEL_2
I'd like a reservation for Thornbury Castle three hours from now in NM .,BookRestaurant,LABEL_1
Will it be hot during Winter ?,GetWeather,LABEL_2
Book a restaurant in Papua New Guinea for me and my daughters,BookRestaurant,LABEL_1
find a game called Gladiators Australian Series 1,SearchCreativeWork,LABEL_5
Play ecstatic,PlayMusic,LABEL_3
input this album onto my All Things Post list,AddToPlaylist,LABEL_0
Add song to orgánica,AddToPlaylist,LABEL_0
what films are showing nearby,SearchScreeningEvent,LABEL_6
Add So Far to my Retrovisor playlist.,AddToPlaylist,LABEL_0
give four out of 6 star to this novel,RateBook,LABEL_4
listen to ballad songs from the twenties,PlayMusic,LABEL_3
What is Just Like in the Old Country,SearchCreativeWork,LABEL_5
"Will it get chillier in Las Lomas , British Virgin Islands on Nov. the 21st ?",GetWeather,LABEL_2
Rate Star Wars - The Old Republic Revan 1 points,RateBook,LABEL_4
I want to add the Tim Smith album to my best of 2010's playlist,AddToPlaylist,LABEL_0
"book a table not far in WY at a gastropub with internet for me, jenny and antoinette in one week",BookRestaurant,LABEL_1
give one out of 6 to Encyclopedia Magica chronicle,RateBook,LABEL_4
Add a track to my playlist funk outta here,AddToPlaylist,LABEL_0
Where can I buy a Barometer Clock,SearchCreativeWork,LABEL_5
"I would like to add to my plalist, Visjoner onto the old school metal one",AddToPlaylist,LABEL_0
rate this album three stars,RateBook,LABEL_4
Will it storm in Charles Pinckney National Historic Site,GetWeather,LABEL_2
I want to add a tune to my spanish metalblood playlist,AddToPlaylist,LABEL_0
PLay a track by deeyah khan .,PlayMusic,LABEL_3
add harry chapin in stress relief playlist,AddToPlaylist,LABEL_0
Bombshells saga download,SearchCreativeWork,LABEL_5
Please get seating at Bouchon in Tonga for jimmie and chasity howard,BookRestaurant,LABEL_1
book midday at a faraway cuban place for five at a top-rated bakery in Grainola,BookRestaurant,LABEL_1
I want to give Select Conversations with an Uncle 5 stars,RateBook,LABEL_4
I rate the current textbook a 0 of 6,RateBook,LABEL_4
I want to add another album to the Scratchy Back Porch Blues playlist.,AddToPlaylist,LABEL_0
what is the overcast forecast for Torrey Pines State Beach,GetWeather,LABEL_2
Please play some music from the seventies movement,PlayMusic,LABEL_3
whats the weather forecast in Nicaragua,GetWeather,LABEL_2
I want you to add must b 21 to acoustic covers the mash ups .,AddToPlaylist,LABEL_0
Play the top-5 songs from Paddy Reilly on zvooq,PlayMusic,LABEL_3
Rate the current textbook a 0 out of 6 .,RateBook,LABEL_4
play the Hell of a Life movie,SearchCreativeWork,LABEL_5
Is The Ghost Breakers playing at Plitt Theatres in two hours,SearchScreeningEvent,LABEL_6
find a movie called No More Sadface,SearchCreativeWork,LABEL_5
What are the movie times ?,SearchScreeningEvent,LABEL_6
Add tune to my Folk Music At The Gaslight Café,AddToPlaylist,LABEL_0
book a restaurant for 4 of us,BookRestaurant,LABEL_1
Go to cali fire and add refrain to my playlist,AddToPlaylist,LABEL_0
Add javine hylton to my evening playlist,AddToPlaylist,LABEL_0
How cold will it be in Palau around fourteen o'clock ?,GetWeather,LABEL_2
Show me NCAA College Football 2K3,SearchCreativeWork,LABEL_5
put this tune on my your favorite coffeehouse playlist,AddToPlaylist,LABEL_0
Add wes scantlin song to my autumn,AddToPlaylist,LABEL_0
Is there a snowstorm coming in Dana at 4 pm,GetWeather,LABEL_2
What does For All the Wrong Reasons look like,SearchCreativeWork,LABEL_5
What theater is playing Haunted Honeymoon,SearchScreeningEvent,LABEL_6
I want to hear some of David Gilmour 's music from 1973,PlayMusic,LABEL_3
Add a track to the emo forever playlist.,AddToPlaylist,LABEL_0
susanne and carey phillips want to go to a brasserie not far from Pricedale that serves southern brazilian,BookRestaurant,LABEL_1
I'd like to eat at a pho restaurant in VT,BookRestaurant,LABEL_1
Will it be hot in Keachi,GetWeather,LABEL_2
I want to watch TV series The Practical Pig,SearchCreativeWork,LABEL_5
Play a seventies soundtrack by steve walsh on Groove Shark,PlayMusic,LABEL_3
Find a show called Friday Download .,SearchCreativeWork,LABEL_5
Play the most popular sort by ep by Brooke Fraser,PlayMusic,LABEL_3
I want a matt garrison tune in my Fresh Finds Fire Emoji playlist.,AddToPlaylist,LABEL_0
Play me the show Cheaper By the Dozen 2,SearchCreativeWork,LABEL_5
Is it windy in June Park ?,GetWeather,LABEL_2
Rate this saga 0 stars,RateBook,LABEL_4
play southern rock tunes,PlayMusic,LABEL_3
"Is there an expected blizzard in Brook , Tennessee today ?",GetWeather,LABEL_2
Play me a 1974 tune on Slacker,PlayMusic,LABEL_3
Can you find the soundtrack for Westcountry Live,SearchCreativeWork,LABEL_5
Is fog forecast close-by to Pakistan ?,GetWeather,LABEL_2
Book the Labworth Café in Ethiopia for six people.,BookRestaurant,LABEL_1
What's the weather here in 52 and a half weeks,GetWeather,LABEL_2
Is I Was an American Spy playing at 11 a.m. at Southern Theatres,SearchScreeningEvent,LABEL_6
"Play a tune or two from Kansas City, Missouri",PlayMusic,LABEL_3
"Please search the work, Eve-Olution .",SearchCreativeWork,LABEL_5
find me a game called Spaceball,SearchCreativeWork,LABEL_5
Find the movie schedule for Dipson Theatres .,SearchScreeningEvent,LABEL_6
Find the schedule for Central Airport at the closest movie theatre .,SearchScreeningEvent,LABEL_6
give 5 points to current novel,RateBook,LABEL_4
Book a restaurant not far in Milladore for 6 people.,BookRestaurant,LABEL_1
Play the best Bruce Ruffin music on Youtube .,PlayMusic,LABEL_3
book a table on 6/14/2035 at a bakery within walking distance of Equatorial Guinea that serves paella,BookRestaurant,LABEL_1
I give the rating of 1 of 6 stars for this novel,RateBook,LABEL_4
What are the morning movie schedules for movies in the neighborhood ?,SearchScreeningEvent,LABEL_6
Give the current series a two,RateBook,LABEL_4
Play any song from 2001,PlayMusic,LABEL_3
Will there be a storm on Christmas Day in my current place ?,GetWeather,LABEL_2
Search for the picture Foghat ?,SearchCreativeWork,LABEL_5
"Tell me the weather forecast for Carmichaels , Gambia at one am",GetWeather,LABEL_2
what will the weather be in Port Costa FM will it be foggy,GetWeather,LABEL_2
find a novel called Episodi di Sons of Anarchy,SearchCreativeWork,LABEL_5
What will the weather be in Kokhanok,GetWeather,LABEL_2
Play prints in the stone by Helen Baylor,PlayMusic,LABEL_3
Find the Saison 7 de How I Met Your Mother show,SearchCreativeWork,LABEL_5
play dj kentaro from the year 1994,PlayMusic,LABEL_3
give this textbook zero out of 6 points,RateBook,LABEL_4
Play Eve,PlayMusic,LABEL_3
Please add faccetta nera to my this is handel playlist,AddToPlaylist,LABEL_0
Play some Hong Junyang .,PlayMusic,LABEL_3
Show the movie schedule,SearchScreeningEvent,LABEL_6
how is the weather in Mount Olivet,GetWeather,LABEL_2
"What is the weather looking like for December the eleventh, 2034 in MD",GetWeather,LABEL_2
play Hardcore music,PlayMusic,LABEL_3
find movie times,SearchScreeningEvent,LABEL_6
find the video game Tenacious D in The Pick of Destiny,SearchCreativeWork,LABEL_5
give one out of 6 stars to Free Market Fairness,RateBook,LABEL_4
open the Canciones del Recuerdo playlist and play songs,PlayMusic,LABEL_3
add count von cosels obsession to Jazzy Romance,AddToPlaylist,LABEL_0
Will there be a blizzard at a 4 AM in Sky Valley,GetWeather,LABEL_2
give 3 out of 6 to current textbook,RateBook,LABEL_4
Rate the current novel five of 6,RateBook,LABEL_4
Get me the soundtrack from Sensation Comics .,SearchCreativeWork,LABEL_5
Find me showtimes for How I Unleashed World War II .,SearchScreeningEvent,LABEL_6
Show me the movie schedule for nearby movies .,SearchScreeningEvent,LABEL_6
Add Atticus Ross to the electrosafari playlist,AddToPlaylist,LABEL_0
book a spot at the top-rated pub in Garner,BookRestaurant,LABEL_1
How will snowfall be here in 2/21/2022 ?,GetWeather,LABEL_2
Play a melody by Hagigat Rzayeva,PlayMusic,LABEL_3
what will the weather be like in fourteen hours in Eastville,GetWeather,LABEL_2
search for the album Frog and the Birdsong,SearchCreativeWork,LABEL_5
Can you get me seating for 5 at a highly rated restaurant in Wisconsin,BookRestaurant,LABEL_1
"Would like a table right now for leonor mendoza, imogene and lisa sanchez",BookRestaurant,LABEL_1
Will it in hail in my current position on 12/10/2035 ?,GetWeather,LABEL_2
give four out of 6 points to current novel,RateBook,LABEL_4
What time is In the Crosswind playing at Marcus Corporation ?,SearchScreeningEvent,LABEL_6
Add tune to downtempo beats,AddToPlaylist,LABEL_0
give me the movie times,SearchScreeningEvent,LABEL_6
List movies for nearest movie house at brunch time,SearchScreeningEvent,LABEL_6
I want to book a table for me and my boss at Glassy Junction in Turkey .,BookRestaurant,LABEL_1
Give ma list of films at Harkins Theatres,SearchScreeningEvent,LABEL_6
add this song by torch to my Sing Along playlist,AddToPlaylist,LABEL_0
What is the forecast for Dec. 15 in Lake Woodruff National Wildlife Refuge,GetWeather,LABEL_2
Look up The Dock of the Bay show,SearchCreativeWork,LABEL_5
book in Vermont at The Maisonette,BookRestaurant,LABEL_1
Add another album to my this is pavarotti playlist.,AddToPlaylist,LABEL_0
find the closest movie theatre for films,SearchScreeningEvent,LABEL_6
Give this saga a 5 out of 6 rating.,RateBook,LABEL_4
find the trailer for The Spooky Sisters,SearchCreativeWork,LABEL_5
play journey list,PlayMusic,LABEL_3
What is the movie schedule for any films playing close by at Sunset,SearchScreeningEvent,LABEL_6
Can you put dj kay slay onto the 2010 Decade playlist?,AddToPlaylist,LABEL_0
find movie schedules for AMC Theaters,SearchScreeningEvent,LABEL_6
Can you pull up Channel M News,SearchCreativeWork,LABEL_5
put Ramy Ayach on Latin Pop Rising,AddToPlaylist,LABEL_0
What's the weather like in Groesbeck,GetWeather,LABEL_2
I want to give the current novel zero points,RateBook,LABEL_4
Play top Rosanne Cash,PlayMusic,LABEL_3
Find the photograph A Little Less Sixteen Candles,SearchCreativeWork,LABEL_5
Is A Master of Craft playing at Wanda Group,SearchScreeningEvent,LABEL_6
Book the Bobcat Bite .,BookRestaurant,LABEL_1
find Plitt Theatres now showing Poverty and Nobility,SearchScreeningEvent,LABEL_6
add repent replenish repeat to Classical Moments in Movies,AddToPlaylist,LABEL_0
Add Joey Fatone to my Spotlight on Country 2016 playlist,AddToPlaylist,LABEL_0
Rate this album 0 points,RateBook,LABEL_4
What will the humidity be like on june eighteenth in my current location,GetWeather,LABEL_2
play Miguelito top charting album,PlayMusic,LABEL_3
"I give The History of the Saracens a three , or 6 points",RateBook,LABEL_4
Play music from negerpunk,PlayMusic,LABEL_3
Find the schedule for Kingsman The Secret Service at a movie theatre .,SearchScreeningEvent,LABEL_6
What's the forecast for Belize around meal time?,GetWeather,LABEL_2
I want to go see A Troll in Central Park .,SearchScreeningEvent,LABEL_6
I'd like to eat surf and turf in one minute at a bar,BookRestaurant,LABEL_1
Add a Kanon Wakeshima track to the Feeling Blue playlist.,AddToPlaylist,LABEL_0
play 1977 good track tunes,PlayMusic,LABEL_3
I need the weather at noon for E.A. Vaughn Wildlife Management Area,GetWeather,LABEL_2
Where is the closest cinema that features animated movies,SearchScreeningEvent,LABEL_6
Look up The Collection Volume One novel,SearchCreativeWork,LABEL_5
find the They Came from Somewhere Else saga,SearchCreativeWork,LABEL_5
What is the Michael Moore Is a Big Fat Stupid White Man video game ?,SearchCreativeWork,LABEL_5
Where is Among the Great Apes with Michelle Yeoh playing and when,SearchScreeningEvent,LABEL_6
Add ross the boss to laurie's listas de éxitos list,AddToPlaylist,LABEL_0
what is the 10 pm forecast for Sweet Springs Wyoming,GetWeather,LABEL_2
I want to add In the Mood to my playlist called My Folksy Love,AddToPlaylist,LABEL_0
Can you pull up the American Music Awards of 1975,SearchCreativeWork,LABEL_5
"Book a reservation for 1 at PM Park, Clear Lake, Iowa in Mongolia in 1 hour",BookRestaurant,LABEL_1
where can I find the video game called Izuna 2 The Unemployed Ninja Returns,SearchCreativeWork,LABEL_5
Play Junun by Noam Kaniel .,PlayMusic,LABEL_3
Give this album a rating of 4 .,RateBook,LABEL_4
Add rosemary clooney to Pura Vida playlist,AddToPlaylist,LABEL_0
I'd give The Day of Reckoning four points,RateBook,LABEL_4
"Need to book a table at a fast food restaurant for a party of nine on November seventeenth, 2019",BookRestaurant,LABEL_1
Where can I find the JKT48 School,SearchCreativeWork,LABEL_5
"book a table at a restaurant within the same area as The Octagon, Christchurch in Allentown",BookRestaurant,LABEL_1
Play some happy gabber .,PlayMusic,LABEL_3
"Will it be windy in Breaux Bridge , Turks and Caicos Islands eleven hours from now ?",GetWeather,LABEL_2
"find 300 March to Glory , a song",SearchCreativeWork,LABEL_5
play Yusef Lateef songs from the fifties,PlayMusic,LABEL_3
"Is it going to be snowy in Concord , Utah ?",GetWeather,LABEL_2
Add this track to my Love Hurts playlist,AddToPlaylist,LABEL_0
Book a table for 2 at a restaurant in Follett,BookRestaurant,LABEL_1
"I want to see the book , The Mailroom Hollywood History from the Bottom Up",SearchCreativeWork,LABEL_5
Tell me the weather forecast for Sugarloaf Provincial Park ten weeks from now,GetWeather,LABEL_2
Pull up Mafia The City of Lost Heaven,SearchCreativeWork,LABEL_5
Play Kisaki on Pandora,PlayMusic,LABEL_3
show me the schedule of Dead Snow,SearchScreeningEvent,LABEL_6
What will the weather be in Nationalpark Rila on Nov. 25 ?,GetWeather,LABEL_2
Find the schedule for movies at Plitt Theatres .,SearchScreeningEvent,LABEL_6
Is People of the Cumberland playing at Landmark Theatres now,SearchScreeningEvent,LABEL_6
What is the forecast for the Wildreservaat Ithala in the distant future will it be colder,GetWeather,LABEL_2
I give The Caxtons chronicle 1 out of 6 stars .,RateBook,LABEL_4
Is it colder today in College Park then in Serbia and Montenegro,GetWeather,LABEL_2
Open my music playlist on Youtube,PlayMusic,LABEL_3
show TV show named I Fell in Love with a Dead Boy,SearchCreativeWork,LABEL_5
I need a reservation in 1 second in Atlas with a party of nine,BookRestaurant,LABEL_1
What is the weather forecast in nine months within walking distance of Ohio,GetWeather,LABEL_2
will there be fog Tonight at Beamer Memorial Conservation Area,GetWeather,LABEL_2
Can you play that last ep from the twenties,PlayMusic,LABEL_3
play Moustapha Amar Make It Rain,PlayMusic,LABEL_3
Add to the Rock Games,AddToPlaylist,LABEL_0
Give me the weather forecast for here .,GetWeather,LABEL_2
give this textbook a rating of 3,RateBook,LABEL_4
add armand van helden to my black sabbath the ozzy years playlist,AddToPlaylist,LABEL_0
Tell me the weather forecast in 4 years and a half in GA,GetWeather,LABEL_2
Are any animated movies playing at Magic Johnson Theatres ?,SearchScreeningEvent,LABEL_6
Play Tooh by Eric Bazilian on Google Music .,PlayMusic,LABEL_3
"I'd give With Lee in Virginia, A Story of the American Civil War chronicle 4 of 6",RateBook,LABEL_4
add Split the Difference to my Women's Lit playlist,AddToPlaylist,LABEL_0
show me Convicted,SearchCreativeWork,LABEL_5
Rate The Bishop a 1,RateBook,LABEL_4
Is it forecast to be chillier in Latvia ?,GetWeather,LABEL_2
Please call and reserve seating for march 6 at a diner in Kyrgyzstan,BookRestaurant,LABEL_1
Will it be foggy now close to Jolley,GetWeather,LABEL_2
"book Tun Tavern for shawna davis, michelle and lizzie in Vermont",BookRestaurant,LABEL_1
I'm looking for the trailer to Evil or Divine - Live in New York City .,SearchCreativeWork,LABEL_5
book a table near Bienville for Pioneer Day,BookRestaurant,LABEL_1
Add Kirk Hammett to Calm Down,AddToPlaylist,LABEL_0
Please pull up Nothing Feels Good,SearchCreativeWork,LABEL_5
find a movie schedule in the neighborhood for animated movies,SearchScreeningEvent,LABEL_6
What is the local movie schedule,SearchScreeningEvent,LABEL_6
What is the weather going to be like in Epleys in South Georgia and the South Sandwich Islands in 11 months,GetWeather,LABEL_2
Rate the following series a one out of 6,RateBook,LABEL_4
Please show me the picture History Repeating,SearchCreativeWork,LABEL_5
I want to take my mom and I to the tea house,BookRestaurant,LABEL_1
how's the forecast looking for supper time in Dresbach Vanuatu,GetWeather,LABEL_2
I'd like to go to a halal restaurant in twenty minutes around the District Of Columbia and book seats for four,BookRestaurant,LABEL_1
Play the top five songs from Robert Lockwood Junior .,PlayMusic,LABEL_3
What is the forecast in Heber,GetWeather,LABEL_2
Play the top twenty chant by Wise .,PlayMusic,LABEL_3
Rate A Conspiracy of Paper 4 of 6,RateBook,LABEL_4
I'd like to know the movie times for movies nearby me,SearchScreeningEvent,LABEL_6
Please book a bar type goiano room accommodate for 2 members 1 second from now in PR,BookRestaurant,LABEL_1
book a restaurant for Jul. 27,BookRestaurant,LABEL_1
Play a symphony from the thirties .,PlayMusic,LABEL_3
add tune by Leonard Cohen to road trip,AddToPlaylist,LABEL_0
List movie times at Megaplex Theatres,SearchScreeningEvent,LABEL_6
Play me the new King Curtis music on Google Music .,PlayMusic,LABEL_3
Get the video game of The Chipmunk Song,SearchCreativeWork,LABEL_5
Will it be cloudy not far from Allenton,GetWeather,LABEL_2
Play the album Shooting Silvio by Dave Sabo,PlayMusic,LABEL_3
Add Julia Fordham to the Massive Soca Hits playlist.,AddToPlaylist,LABEL_0
rate The Ape-Man Within 4,RateBook,LABEL_4
What song is Detective Conan Dimensional Sniper,SearchCreativeWork,LABEL_5
play Soheila Zaland,PlayMusic,LABEL_3
give two stars to current album,RateBook,LABEL_4
add the artist Choclair to La mejor música de BSO,AddToPlaylist,LABEL_0
I want to see Dead Calm at the closest cinema,SearchScreeningEvent,LABEL_6
find the album Smoke and Mirrors,SearchCreativeWork,LABEL_5
"Book PM Park, Clear Lake, Iowa at 5 am for 6 people.",BookRestaurant,LABEL_1
What's the weather forecast for Croatia on jul. 25th,GetWeather,LABEL_2
Give The Dark Abode chronicle 2 out of 6 points .,RateBook,LABEL_4
The current essay is a three of 6,RateBook,LABEL_4
Will it get hotter around elevenses in KS ?,GetWeather,LABEL_2
Can you tell me if it'll be freezing in Wrightstown in seven years ?,GetWeather,LABEL_2
I wish to rate zero points out of 6 to The Crack in Space .,RateBook,LABEL_4
party for ten at National Coney Island in DE,BookRestaurant,LABEL_1
Play music from 1969 on lastfm .,PlayMusic,LABEL_3
Where can I find the work It Was Raining That Night ?,SearchCreativeWork,LABEL_5
Find me the show The Skull .,SearchCreativeWork,LABEL_5
"Tell me when it will be warmer in Woods Hole , Oklahoma",GetWeather,LABEL_2
Rate The Penelopiad zero out of 6 .,RateBook,LABEL_4
Can i get the showtimes for films in the area .,SearchScreeningEvent,LABEL_6
Find me the album The Weed Tree .,SearchCreativeWork,LABEL_5
this book gets points for being current and a three,RateBook,LABEL_4
Which animated movies are playing in the neighbourhood and when?,SearchScreeningEvent,LABEL_6
Add Om to my Classic Punk,AddToPlaylist,LABEL_0
Can you play a sonata,PlayMusic,LABEL_3
Weather for Oct. 16 in MO,GetWeather,LABEL_2
rate tune to 90's Baby Makers,AddToPlaylist,LABEL_0
What is Love in a Mist ?,SearchCreativeWork,LABEL_5
show creativity of Night of the Hunter,SearchCreativeWork,LABEL_5
I need a restaurant now for a party of ten,BookRestaurant,LABEL_1
Will it be hot here at 22 o'clock ?,GetWeather,LABEL_2
Can you play a song from the fourties by George Martin,PlayMusic,LABEL_3
give 5 stars to this book,RateBook,LABEL_4
book a table for now for 4 for an oyster bar,BookRestaurant,LABEL_1
play Piano 100,PlayMusic,LABEL_3
I gave the current book a three of 6,RateBook,LABEL_4
Can i get the showtimes for Man in Blues ?,SearchScreeningEvent,LABEL_6
"Can you find me the work, Frisbee The Life and Death of a Hippie Preacher ?",SearchCreativeWork,LABEL_5
"add already over, pt 2 to Hip Hop 2017 New School",AddToPlaylist,LABEL_0
Show me the The Defenestration of Ermintrude Inch TV series,SearchCreativeWork,LABEL_5
book a pizza serving tavern for me and my brother,BookRestaurant,LABEL_1
Please look up the painting Beyond Iconic Photographer Dennis Stock .,SearchCreativeWork,LABEL_5
Find the Mystery Woman saga,SearchCreativeWork,LABEL_5
Please play Bitch Please Ii,PlayMusic,LABEL_3
Book a restaurant on san jacinto day in Anderson for me and my colleagues .,BookRestaurant,LABEL_1
Where can I watch the TV series Polite People,SearchCreativeWork,LABEL_5
book a table for eight in Graf far away,BookRestaurant,LABEL_1
What time is Living Is Easy with Eyes Closed playing,SearchScreeningEvent,LABEL_6
Please make reservations for nine at 3 am .,BookRestaurant,LABEL_1
Find the schedule for Heart Beats .,SearchScreeningEvent,LABEL_6
I'd like the weather forecast for Albania,GetWeather,LABEL_2
Put ares in my canadian country playlist,AddToPlaylist,LABEL_0
Find a song called Be Quick or Be Dead .,SearchCreativeWork,LABEL_5
Play new track from the fifties,PlayMusic,LABEL_3
Play Humour,PlayMusic,LABEL_3
Give The Fox and the Hound a 1,RateBook,LABEL_4
will it be stormy in Wildorado,GetWeather,LABEL_2
Rate the current essay zero points,RateBook,LABEL_4
I'd like to rate My Beloved World two points,RateBook,LABEL_4
I want to read the saga Michael Clayton,SearchCreativeWork,LABEL_5
give Mistborn The Well of Ascension four out of 6,RateBook,LABEL_4
How can I see the show Pulse 2 Afterlife ?,SearchCreativeWork,LABEL_5
pizzeria restaurant in Kellnersville HI that is outdoor for ten,BookRestaurant,LABEL_1
Where to watch show Extremely Live,SearchCreativeWork,LABEL_5
play satire music,PlayMusic,LABEL_3
I want to hear opera on Netflix,PlayMusic,LABEL_3
rate this essay 2 points,RateBook,LABEL_4
Add Frank Beard to my latin pop classics playlist.,AddToPlaylist,LABEL_0
Find a TV show called Ace of Spades .,SearchCreativeWork,LABEL_5
I want to watch Strange Brother,SearchCreativeWork,LABEL_5
Book a bistro in New Zealand in 119 and a half days .,BookRestaurant,LABEL_1
What's the weather like today in Plankinton ?,GetWeather,LABEL_2
When is Cooper Foundation on the movie schedule ?,SearchScreeningEvent,LABEL_6
"Tell me if it will be hot on Jun. the 10th in San de Fuca , Sweden",GetWeather,LABEL_2
I give the chronicle Atop an Underwood Early Stories and Other Writings a rating value of 3 and a best rating of 6,RateBook,LABEL_4
what is the weather of Pine City,GetWeather,LABEL_2
What are the movie schedules for any animated movies playing in the neighbourhood ?,SearchScreeningEvent,LABEL_6
What's the weather forecast for Mansfield ?,GetWeather,LABEL_2
Play Shinehead 's music from the twenties on Slacker .,PlayMusic,LABEL_3
Where can I get a photograph of Death Knows Your Name ?,SearchCreativeWork,LABEL_5
I would like to find a cafe that serves grilled meat close by in Tunisia and need a table for 2 one second from now .,BookRestaurant,LABEL_1
"What is the weather forecast for Naches , Sierra Leone",GetWeather,LABEL_2
what is the British Virgin Islands forecast for next november,GetWeather,LABEL_2
Rate the current novel a zero .,RateBook,LABEL_4
Tell me the weather forecast for Casa Grande Ruins National Monument,GetWeather,LABEL_2
What movies are playing at Regal Entertainment Group,SearchScreeningEvent,LABEL_6
Play i believe from Chico Buarque off of iheart,PlayMusic,LABEL_3
rate the current book 5 of 6 points,RateBook,LABEL_4
I want to rate this essay 0 of 6 stars,RateBook,LABEL_4
book a restaurant not far from Municipal Borough of Ealing for today,BookRestaurant,LABEL_1
Play me the most popular Lillian Hardin song on Itunes,PlayMusic,LABEL_3
Play some music from the thirties .,PlayMusic,LABEL_3
this track should get added to Spain Top 50,AddToPlaylist,LABEL_0
Play the greatest ballad from the seventies,PlayMusic,LABEL_3
Find an album called The Aboriginal Port Folio .,SearchCreativeWork,LABEL_5
Add the album to my Heavy Gamer playlist.,AddToPlaylist,LABEL_0
Rate this novel five of 6,RateBook,LABEL_4
Add Tranquility to the Latin Pop Rising playlist.,AddToPlaylist,LABEL_0
Give 99 Coffins 0 stars out of 6 .,RateBook,LABEL_4
Book a bar that serves italian-american cuisine neighboring Wilson Av for one person.,BookRestaurant,LABEL_1
find movie schedules,SearchScreeningEvent,LABEL_6
What time is A Man for Burning playing,SearchScreeningEvent,LABEL_6
I need to hear the new Kevin Fowler album,PlayMusic,LABEL_3
What are the movie schedules for the Loews Cineplex,SearchScreeningEvent,LABEL_6
Play a top five Linda Strawberry ep,PlayMusic,LABEL_3
"book on feb. the twenty-sixth, 2026 in Tracyton for two at a cafe",BookRestaurant,LABEL_1
Play The Great Adventures of Slick Rick game,SearchCreativeWork,LABEL_5
What's on the movie schedules at Amco Entertainment ?,SearchScreeningEvent,LABEL_6
"I need a table for ten on april the eighteenth, 2030",BookRestaurant,LABEL_1
Looking for a tibetan restaurant and need reservations for 1 .,BookRestaurant,LABEL_1
I want to hear the new Latin Pop Rising list,PlayMusic,LABEL_3
Add Foreign Affair to the disney playlist.,AddToPlaylist,LABEL_0
give 0 out of 6 points to current textbook,RateBook,LABEL_4
Find trailer of Jazz Impressions of the U.S.A.,SearchCreativeWork,LABEL_5
I want a restaurant reservation for a party of 8 at a vegetarian tea house .,BookRestaurant,LABEL_1
I give The Lady Decides a rating value of 4 and a best rating of 6,RateBook,LABEL_4
add Ian Stuart Donaldson to canadian country,AddToPlaylist,LABEL_0
Play Inside The Eye by twinkie clark,PlayMusic,LABEL_3
Add Dickey Betts to my throwback thursday playlist.,AddToPlaylist,LABEL_0
showings for animated movies in the area,SearchScreeningEvent,LABEL_6
find the nearest movie house for The Mystery of Picasso,SearchScreeningEvent,LABEL_6
find the nearest movie theatre with movies,SearchScreeningEvent,LABEL_6
I think Memorial Day should have a rating value of 3 and a best rating of 6,RateBook,LABEL_4
Give this series three points out of 6 .,RateBook,LABEL_4
I want to see the trailer for The Entity,SearchCreativeWork,LABEL_5
For my playlist it's ok to like jazz add this tune,AddToPlaylist,LABEL_0
play Groove Shark,PlayMusic,LABEL_3
Is it overcast in South Carolina,GetWeather,LABEL_2
Search for Innocence from Hell,SearchCreativeWork,LABEL_5
Add Mel Draisey tomy 80s Classic Hits playlist.,AddToPlaylist,LABEL_0
Find Reverence for me,SearchCreativeWork,LABEL_5
What's the weather like in Big Delta,GetWeather,LABEL_2
Rate Sandworms of Dune three out of 6 stars,RateBook,LABEL_4
I want to book a restaurant in Barbados that serves creole .,BookRestaurant,LABEL_1
find The Terror Within,SearchScreeningEvent,LABEL_6
give this album a 4 out of 6,RateBook,LABEL_4
I give The Monkey and the Tiger a rating of 2 points .,RateBook,LABEL_4
Book the Atomic Cafe for ten people.,BookRestaurant,LABEL_1
I'd rate this novel a five,RateBook,LABEL_4
When is Youth Without Youth being shown at the nearest movie house ?,SearchScreeningEvent,LABEL_6
Is The Right to Strike playing at Star Theatres,SearchScreeningEvent,LABEL_6
Can I get the showings for Mysterious Crossing ?,SearchScreeningEvent,LABEL_6
Include stefanie in Pre-Party R&B Jams,AddToPlaylist,LABEL_0
I'd like to watch Monk Comes Down the Mountain,SearchScreeningEvent,LABEL_6
book a spot at a highly rated tavern in Colombia,BookRestaurant,LABEL_1
book a table for a party of 7,BookRestaurant,LABEL_1
Can you find me the painting titled Across the Line ?,SearchCreativeWork,LABEL_5
"Will it be hotter in Conception Junction , Moldova ?",GetWeather,LABEL_2
find the nearest movies at a movie theatre,SearchScreeningEvent,LABEL_6
Play a twenties concerto from Roger Taylor on deezer,PlayMusic,LABEL_3
Add The Private Collection onto my Cena Elegante playlist please.,AddToPlaylist,LABEL_0
what is the Idledale forecast,GetWeather,LABEL_2
the next essay gets 2 out of 6 stars,RateBook,LABEL_4
Show me movie schedules for today.,SearchScreeningEvent,LABEL_6
Play the greatest record by Joe Purdy on Google Music,PlayMusic,LABEL_3
Find The Killing Fields .,SearchCreativeWork,LABEL_5
She me the Sons of Satan Praise the Lord picture,SearchCreativeWork,LABEL_5
give The Enemy Within saga 3 stars for me,RateBook,LABEL_4
Which Cinemark Theatres is playing A Is for Atom ?,SearchScreeningEvent,LABEL_6
Play some sixties on netflix,PlayMusic,LABEL_3
Play the song Two Suns In The Sunset by Airi Suzuki,PlayMusic,LABEL_3
Rate this series one out of 6 .,RateBook,LABEL_4
I want movie times for Fox Theatres,SearchScreeningEvent,LABEL_6
rate National Geographic Dinosaurs 2 out of 6,RateBook,LABEL_4
what is the chilly forecast for Mustoe North Carolina,GetWeather,LABEL_2
Find a reservation at the Roseland Theater at 10 pm,BookRestaurant,LABEL_1
Play music from the seventies,PlayMusic,LABEL_3
show movies in United Paramount Theatres,SearchScreeningEvent,LABEL_6
Give three points out of 6 to One Hundred Poems of Tukaram,RateBook,LABEL_4
I want to watch the TV show Tales from Space About a Blob,SearchCreativeWork,LABEL_5
"find Journal of the European Economic Association , a movie I want to see",SearchCreativeWork,LABEL_5
Play 1952 Yusef Lateef on Netflix,PlayMusic,LABEL_3
Show me Firepower,SearchCreativeWork,LABEL_5
Play music using Last Fm,PlayMusic,LABEL_3
Play some music on Itunes,PlayMusic,LABEL_3
restaurant In Zimbabwe that is brasserie and has parking,BookRestaurant,LABEL_1
What films are playing now at the General Cinema Corporation,SearchScreeningEvent,LABEL_6
rate this book The Book of Snobs 1 points,RateBook,LABEL_4
book me a restaurant in Guadeloupe,BookRestaurant,LABEL_1
I want to add a song by jazz brasileiro,AddToPlaylist,LABEL_0
can you play some weird music from the noise genre,PlayMusic,LABEL_3
the current rating of 6 out of two for a textbook,RateBook,LABEL_4
Will it get cloudy in Cliffwood Beach ?,GetWeather,LABEL_2
I would rate The Kid from Hell a value of 1 and a best rating of 6,RateBook,LABEL_4
Can you add an album to my Are & Be playlist,AddToPlaylist,LABEL_0
Will there be sun in the Manassas National Battlefield Park ?,GetWeather,LABEL_2
What is the picture called Lest We Forget The Best of ?,SearchCreativeWork,LABEL_5
add house afterwork to my the cave canem demos,AddToPlaylist,LABEL_0
please put this song by nas in my Hype playlist,AddToPlaylist,LABEL_0
What movies are playing at the closest movie theatre,SearchScreeningEvent,LABEL_6
Put Beside You in my spotify orchestra cello playlist.,AddToPlaylist,LABEL_0
Where is They Always Return at Dawn playing,SearchScreeningEvent,LABEL_6
"I want to add Aprite le finestre to my playlist entitled This Is Earth, Wind & Fire",AddToPlaylist,LABEL_0
Show me The Advocate,SearchCreativeWork,LABEL_5
Will it be colder in Vermont ?,GetWeather,LABEL_2
help me the find the Thug Lordz Trilogy book,SearchCreativeWork,LABEL_5
rate To Your Scattered Bodies Go a 1 out of 6,RateBook,LABEL_4
Play Suite Sudarmoricaine by Afi on itunes,PlayMusic,LABEL_3
I want to hear some Boris Grebenchtchikov on Zvooq,PlayMusic,LABEL_3
Weather for six am in SC,GetWeather,LABEL_2
Play The View From The Afternoon by Malese Jow on Last Fm,PlayMusic,LABEL_3
Contemporary Religious Satanism gets a 3 rating,RateBook,LABEL_4
Where is Boo to You Too! Winnie the Pooh playing,SearchScreeningEvent,LABEL_6
What time is The Grey Zone playing?,SearchScreeningEvent,LABEL_6
movie times at Cooper Foundation for sunset,SearchScreeningEvent,LABEL_6
When is The Blood of Others playing?,SearchScreeningEvent,LABEL_6
Can you tell me what time The Fickle is playing at the closest cinema,SearchScreeningEvent,LABEL_6
Rate this textbook a 5,RateBook,LABEL_4
Rate Peter and the Sword of Mercy 3 of 6 stars,RateBook,LABEL_4
play chant by Prurient,PlayMusic,LABEL_3
I want to book a restaurant for four around Zapata,BookRestaurant,LABEL_1
I need to book a restaurant at supper time in IL,BookRestaurant,LABEL_1
Is it going to be hot in Chrisman,GetWeather,LABEL_2
what is the weather forecast this week close-by my current position,GetWeather,LABEL_2
Add this track to the 70s smash hits playlist,AddToPlaylist,LABEL_0
I need to book a restaurant in Sunnybrook for 7,BookRestaurant,LABEL_1
I want to eat at the Trout Creek restaurant for 9 people for bougatsa that is the best,BookRestaurant,LABEL_1
Book me a table at The Fat Duck in Ireland,BookRestaurant,LABEL_1
please add this artist to my Zen Focus playlist,AddToPlaylist,LABEL_0
book a spot for 7 at an outdoor food court in Denmark,BookRestaurant,LABEL_1
Rate the current essay 5 of 6 points,RateBook,LABEL_4
Show me the schedule for ArcLight Hollywood for animated movies,SearchScreeningEvent,LABEL_6
what is the forecast for hot temps in Kuwait in Augusta Springs,GetWeather,LABEL_2
I would rate this essay 2 stars and a best rating of 6,RateBook,LABEL_4
show creative video game The Boat Is Full,SearchCreativeWork,LABEL_5
play symphony music from the fourties with google music,PlayMusic,LABEL_3
"Add a tune to patrica's playlist, The Rhythm",AddToPlaylist,LABEL_0
"my niece and I want to visit a food court in Callicoon , Tennessee",BookRestaurant,LABEL_1
Please find me a novel called The Caledonian-Record .,SearchCreativeWork,LABEL_5
What will the weather be in LA at 9 o'clock,GetWeather,LABEL_2
Add this album to holly's bandas sonoras playlist,AddToPlaylist,LABEL_0
Find an album called Preminchi Choodu .,SearchCreativeWork,LABEL_5
Find a reservation in Hesston NC at a new restaurant,BookRestaurant,LABEL_1
Is Judgment Day The John List Story playing at Megaplex Theatres ?,SearchScreeningEvent,LABEL_6
show movie times of films close by,SearchScreeningEvent,LABEL_6
Book a reservation for one at a highly rated restaurant in Datil,BookRestaurant,LABEL_1
Play some seventies songs from Joseph Genaro on Google Music,PlayMusic,LABEL_3
find Kerasotes Theatres showing animated movies,SearchScreeningEvent,LABEL_6
book a table for nine PM at a pub in MA,BookRestaurant,LABEL_1
I'm looking for The Birth of a Nation,SearchCreativeWork,LABEL_5
What is the movie schedule like,SearchScreeningEvent,LABEL_6
Find a picture of Music Hole,SearchCreativeWork,LABEL_5
Can Super Turnt Up get added to my emotron playlist?,AddToPlaylist,LABEL_0
Find the schedule for Brick .,SearchScreeningEvent,LABEL_6
add to my mac 'n cheese playlist with Tsūzetsu,AddToPlaylist,LABEL_0
Play me a nineties song by Joseph Genaro,PlayMusic,LABEL_3
Book reservations at a restaurant that serves puglia for jan. 24th,BookRestaurant,LABEL_1
I'd like to see Level Headed,SearchCreativeWork,LABEL_5
I need a popular moroccan cafeteria,BookRestaurant,LABEL_1
Book a table at South Street Diner close to your teenager's college .,BookRestaurant,LABEL_1
Look for the movie Darkness Come Alive,SearchCreativeWork,LABEL_5
ad Czarna dziewczyna to instrumental madness playlist,AddToPlaylist,LABEL_0
I'm looking for the painting God Must Have Spent a Little More Time on You,SearchCreativeWork,LABEL_5
"Reserve a spot at indoor restaurant on june the 15th , 3 guests",BookRestaurant,LABEL_1
Play the playlist spring,PlayMusic,LABEL_3
Add this track to my Tropical Morning playlist,AddToPlaylist,LABEL_0
How will the weather be five weeks from now in Moneta ?,GetWeather,LABEL_2
Add ricky nelson to my Classical X playist,AddToPlaylist,LABEL_0
What cinema is Health Warning playing in eleven hours ?,SearchScreeningEvent,LABEL_6
add clem burke in my playlist Pre-Party R&B Jams,AddToPlaylist,LABEL_0
Book a restaurant in one minute for five people in Canal Fulton .,BookRestaurant,LABEL_1
find meal time movie times close by for movies,SearchScreeningEvent,LABEL_6
Can I get the showtimes for The Kitchen Toto at Cineplex Odeon Corporation .,SearchScreeningEvent,LABEL_6
add tune to my Hype playlist,AddToPlaylist,LABEL_0
find a game called Albino Blacksheep,SearchCreativeWork,LABEL_5
Please play me a popular track from 1984 .,PlayMusic,LABEL_3
add 9AM in Dallas to my classical music for smart kids,AddToPlaylist,LABEL_0
What's the weather forecast for here in august ?,GetWeather,LABEL_2
What are the weather conditions in Noel ?,GetWeather,LABEL_2
Find the schedule for for Corn at eleven A.M. at Loews Cineplex Entertainment .,SearchScreeningEvent,LABEL_6
Rate the current novel a 3 .,RateBook,LABEL_4
"rate the book Magic History, Theory and Practice five stars",RateBook,LABEL_4
Please search the Songs for the Deaf video game .,SearchCreativeWork,LABEL_5
play Barry Manilow from the twenties,PlayMusic,LABEL_3
Rate The Courtship of Princess Leia saga a two,RateBook,LABEL_4
play scott la rock from Stella on Slacker,PlayMusic,LABEL_3
Show me Then We Came to the End,SearchCreativeWork,LABEL_5
Add artist danny carey to my Classic Jazz Singers playlist.,AddToPlaylist,LABEL_0
I want to add Robin Hood and Queen Katherine to my playlist entitled Genuine R&B,AddToPlaylist,LABEL_0
Book reservations at a tea house with esperanza and tommie now,BookRestaurant,LABEL_1
I'd like to give a two rating to The Abolition of Britain .,RateBook,LABEL_4
Find a reservation in Deweese for my sister and I,BookRestaurant,LABEL_1
Play some Sabah from the eighties,PlayMusic,LABEL_3
Add the artist Gwenno Pipette to the sexy as folk playlist.,AddToPlaylist,LABEL_0
can I get the showings for films at the nearest cinema in 1 minute,SearchScreeningEvent,LABEL_6
book a food court indoor at Penermon for my step father and I,BookRestaurant,LABEL_1
What are the movie times for films playing in the area ?,SearchScreeningEvent,LABEL_6
For the saga Leaves from the Inn of the Last Home I give the rating of 1,RateBook,LABEL_4
Play the music genre Synthpop,PlayMusic,LABEL_3
Find Show-Ya 20th Anniversary The Best .,SearchCreativeWork,LABEL_5
Book seating at a restaurant in Topton,BookRestaurant,LABEL_1
play a record from 1982,PlayMusic,LABEL_3
"Can I rate the book My Life in France not one , but 6 stars ?",RateBook,LABEL_4
Will there be a snowstorm around eight pm in Reed Island State Park ?,GetWeather,LABEL_2
How is the weather going to be on child health day in Trinidad and Tobago ?,GetWeather,LABEL_2
book a gratin serving tea house in Bushkill,BookRestaurant,LABEL_1
What is the weather like right now in the same area as Georgia,GetWeather,LABEL_2
this chronicle rates a one for First Contact ?,RateBook,LABEL_4
In UT at 7 pm will it be snowy,GetWeather,LABEL_2
Is The Day of the Beast playing at three p.m. ?,SearchScreeningEvent,LABEL_6
Please book a restaurant for nine members on august 25 in DC,BookRestaurant,LABEL_1
Rate this essay 4 of 6 stars,RateBook,LABEL_4
give 5 points to The White Hotel,RateBook,LABEL_4
Can I get the movie schedule for Loews Cineplex Entertainment ?,SearchScreeningEvent,LABEL_6
Look for the High Noon TV show,SearchCreativeWork,LABEL_5
Play me a 2015 soundtrack on Netflix,PlayMusic,LABEL_3
Play 2011 music,PlayMusic,LABEL_3
Add this tune to the Duetos playlist,AddToPlaylist,LABEL_0
add a shot at glory to calm before the storm,AddToPlaylist,LABEL_0
find an album called From the Terrace,SearchCreativeWork,LABEL_5
find a Cineplex Odeon Corporation showing movies,SearchScreeningEvent,LABEL_6
book in Ukraine at a highly rated restaurant,BookRestaurant,LABEL_1
"How cold is it in Cargray , Argentina ?",GetWeather,LABEL_2
"During tea time, what animated movies will be screening at the closest movie house ?",SearchScreeningEvent,LABEL_6
Is it going to be warm in Palmview,GetWeather,LABEL_2
put Johnny Wakelin on my té para tres lis,AddToPlaylist,LABEL_0
Find movie schedules for IMAX Corporation .,SearchScreeningEvent,LABEL_6
find Lost in Space,SearchScreeningEvent,LABEL_6
what films are playing at KB Theatres,SearchScreeningEvent,LABEL_6
Rate this novel 1 points .,RateBook,LABEL_4
book a restaurant for four in Trinidad and Tobago,BookRestaurant,LABEL_1
listen to tei movement from most popular eighties music,PlayMusic,LABEL_3
Find movie times .,SearchScreeningEvent,LABEL_6
Play a 1978 track on Slacker,PlayMusic,LABEL_3
What's the weather in Totowa WY one minute from now,GetWeather,LABEL_2
Show the Sad Songs for Dirty Lovers album,SearchCreativeWork,LABEL_5
Is it going to be cloudy in my current spot for dinner ?,GetWeather,LABEL_2
Tell me if the forecast will be temperate around Nationalpark Doi Suthep-Pui on 4/15/2034,GetWeather,LABEL_2
play Itunes album mondovisione,PlayMusic,LABEL_3
add this track to llegando a casa,AddToPlaylist,LABEL_0
I'd like a table for Midday at The Unseen Bean,BookRestaurant,LABEL_1
Rate this album a 3,RateBook,LABEL_4
find the closest starting now movie house with animated movies,SearchScreeningEvent,LABEL_6
Find Fragile Frontiers The Secret History of Mumbai Terror Attacks .,SearchCreativeWork,LABEL_5
"I want to bring antoinette, christine and caitlin to get bread at a restaurant in faraway Connecticut",BookRestaurant,LABEL_1
Will it be freezing close to my current location,GetWeather,LABEL_2
Book Mars 2112 in Rwanda for 4 people.,BookRestaurant,LABEL_1
Play Goldie Hill 's record on Google Music .,PlayMusic,LABEL_3
whats the movie schedule for movies nearby,SearchScreeningEvent,LABEL_6
Find a video game called The Mysterious Castle in the Carpathians .,SearchCreativeWork,LABEL_5
rate Break No Bones series a 1 of 6,RateBook,LABEL_4
What time will Paris by Night aired,SearchScreeningEvent,LABEL_6
find a show called The Paper Route,SearchCreativeWork,LABEL_5
I'm looking for the video game called The Supernatural Events on Campus,SearchCreativeWork,LABEL_5
Play the theme music from 1963 by Yuki Koyanagi,PlayMusic,LABEL_3
"Tell me the weather forecast for june seventeenth, 2034 in FL",GetWeather,LABEL_2
rate this book three points out of 6,RateBook,LABEL_4
Add Bronislau Kaper to the drive playlist.,AddToPlaylist,LABEL_0
Which animated movies are playing in the neighbourhood ?,SearchScreeningEvent,LABEL_6
could you please show me movie schedules,SearchScreeningEvent,LABEL_6
book a table for one in a bar serving saucisse for meal in Calistoga CO,BookRestaurant,LABEL_1
rate the current novel one out of 6,RateBook,LABEL_4
play 1951 tunes,PlayMusic,LABEL_3
Forecast in Layhigh,GetWeather,LABEL_2
"Can you help me locate the game , Coast ?",SearchCreativeWork,LABEL_5
Find The Path to Power .,SearchCreativeWork,LABEL_5
book a spot for one at The Wolseley at elevenses,BookRestaurant,LABEL_1
What's the weather forecast for Oman 2 months from now ?,GetWeather,LABEL_2
Which animated movies are playing at Megaplex Theatres at tea time?,SearchScreeningEvent,LABEL_6
Play music off Netflix .,PlayMusic,LABEL_3
Book a restaurant for 5 people.,BookRestaurant,LABEL_1
Where is the closest movie theatre that is playing movies now,SearchScreeningEvent,LABEL_6
Please find Pretty Baby,SearchCreativeWork,LABEL_5
Give The Hollow Man three out of 6 stars,RateBook,LABEL_4
Show me the television show called South California Purples,SearchCreativeWork,LABEL_5
Play me a 1957 ep,PlayMusic,LABEL_3
Please tell me the movie times,SearchScreeningEvent,LABEL_6
Book a table at a bar in Argentina .,BookRestaurant,LABEL_1
show creative photograph named None of the Above,SearchCreativeWork,LABEL_5
Can you play some music from my road trip album,PlayMusic,LABEL_3
Give this album 4 out of 6 stars,RateBook,LABEL_4
Find My Only Wish in some form of creative work,SearchCreativeWork,LABEL_5
Add nina hagen to essential folk,AddToPlaylist,LABEL_0
Give the current album a four .,RateBook,LABEL_4
Find the schedule for for films at Star Theatres .,SearchScreeningEvent,LABEL_6
I need to book the Fashion Cafe for meal in Lavina,BookRestaurant,LABEL_1
Where can I purchase the Twenty Chickens for a Saddle saga ?,SearchCreativeWork,LABEL_5
Will there be snowfall in zero PM in Estonia,GetWeather,LABEL_2
Add this song to my list Trabajo Relax,AddToPlaylist,LABEL_0
I am giving this current book album 0 out of 6 stars,RateBook,LABEL_4
rate this essay 5 of 6,RateBook,LABEL_4
add song to Sleepytime,AddToPlaylist,LABEL_0
rate The Lost Hero chronicle four out of 6,RateBook,LABEL_4
Play easy listening,PlayMusic,LABEL_3
rate the book saga A Coin in Nine Hands 0 points,RateBook,LABEL_4
play the album by Paul Barker playing the greatest from 1978,PlayMusic,LABEL_3
I want to hear music from the sixties .,PlayMusic,LABEL_3
I want to give The Cat Who Walks Through Walls a 1,RateBook,LABEL_4
add NIB to fay's brooklyn beat playlist,AddToPlaylist,LABEL_0
play Frankie Laine,PlayMusic,LABEL_3
Find a novel called Under Blackpool Lights .,SearchCreativeWork,LABEL_5
what is the forecast for Dr. Julian G. Bruce St. George Island State Park for rainy weather,GetWeather,LABEL_2
add when ice met cream to This Is Alejandro Fernández playlist,AddToPlaylist,LABEL_0
Show The Kindness of Women picture,SearchCreativeWork,LABEL_5
find a saga with 0 rating called Poems for Midnight,RateBook,LABEL_4
Play new movement from Mike Oldfield on Vimeo,PlayMusic,LABEL_3
show nearest movie theatre to watch Black Jesus,SearchScreeningEvent,LABEL_6
Play a Jim Mullen ep from the sixties,PlayMusic,LABEL_3
Find me the soundtrack called Enter the Chicken,SearchCreativeWork,LABEL_5
Rate Hocus Bogus a 4 .,RateBook,LABEL_4
please put the artist Matt McKenna in my This Is Shakira playlist,AddToPlaylist,LABEL_0
"Book a brasserie restaurant in Enfield , North Dakota for rosie and I that has tarte tatin",BookRestaurant,LABEL_1
What films are scheduled at the closest cinema ?,SearchScreeningEvent,LABEL_6
Book a restaurant with pool facility at East Gillespie,BookRestaurant,LABEL_1
Play music from 2012 on Netflix .,PlayMusic,LABEL_3
is it going to be chilly on 12/13/2025 in Haugan Pakistan,GetWeather,LABEL_2
play the music track of 1998,PlayMusic,LABEL_3
Rate The Purcell Papers two out of 6 stars,RateBook,LABEL_4
I would like this artist on drum & breaks .,AddToPlaylist,LABEL_0
I would give The Minority Report a rating of 0 points,RateBook,LABEL_4
Add Sweet Black Angel to my Diarios de Bicicleta playlist,AddToPlaylist,LABEL_0
I want to give Dressed To Kill a one,RateBook,LABEL_4
Give the current essay five points .,RateBook,LABEL_4
Look for the TV series The Stars at Saint Andrea,SearchCreativeWork,LABEL_5
I need the closest movie theatre playing Incense for the Damned .,SearchScreeningEvent,LABEL_6
Please fine me Worms Clan Wars .,SearchCreativeWork,LABEL_5
Find the movie schedule .,SearchScreeningEvent,LABEL_6
Find a movie called The Easy Way to Stop Smoking .,SearchCreativeWork,LABEL_5
